"PPG","SECTOR 2","TRADING COMPANY","PRODUCT RANGE","FORMAT","PPG_Description","Tesco_Week_No","Date","Base_Units","RSP_Unit","Net_Cost_Unit","COGS_Unit","VAT","BIP_Case","OID","No_Of_Units","STP_Unit","UNCR_Unit","OID_Unit","FM_Abs_Unit_1","FM%"
"D77","Bar Soap","RECKITT","Bar Soap","ALL","BAR SOAP-All-120GM-35%",1,2026-01-01,7,13.5142857142857,16.44,3.52,0.05,295.92,0,18,16.44,0,0,-3.56925170068027,-0.277315010570825
"D77","Bar Soap","RECKITT","Bar Soap","ALL","BAR SOAP-All-120GM-35%",1,2026-01-02,7,13.5142857142857,16.44,3.52,0.05,295.92,0,18,16.44,0,0,-3.56925170068027,-0.277315010570825
"D77","Bar Soap","RECKITT","Bar Soap","ALL","BAR SOAP-All-120GM-35%",1,2026-01-03,7,13.5142857142857,16.44,3.52,0.05,295.92,0,18,16.44,0,0,-3.56925170068027,-0.277315010570825
"D77","Bar Soap","RECKITT","Bar Soap","ALL","BAR SOAP-All-120GM-35%",1,2026-01-04,7,13.5142857142857,16.44,3.52,0.05,295.92,0,18,16.44,0,0,-3.56925170068027,-0.277315010570825
"D77","Bar Soap","RECKITT","Bar Soap","ALL","BAR SOAP-All-120GM-35%",1,2026-01-05,7,13.5142857142857,16.44,3.52,0.05,295.92,0,18,16.44,0,0,-3.56925170068027,-0.277315010570825
"D77","Bar Soap","RECKITT","Bar Soap","ALL","BAR SOAP-All-120GM-35%",2,2026-01-06,7,13.5142857142857,16.44,3.52,0.05,295.92,0,18,16.44,0,0,-3.56925170068027,-0.277315010570825
"D77","Bar Soap","RECKITT","Bar Soap","ALL","BAR SOAP-All-120GM-35%",2,2026-01-07,6,13.5142857142857,16.44,3.52,0.05,295.92,0,18,16.44,0,0,-3.56925170068027,-0.277315010570825
"D77","Bar Soap","RECKITT","Bar Soap","ALL","BAR SOAP-All-120GM-35%",2,2026-01-08,5,13.5142857142857,16.44,3.52,0.05,295.92,0,18,16.44,0,0,-3.56925170068027,-0.277315010570825
"D77","Bar Soap","RECKITT","Bar Soap","ALL","BAR SOAP-All-120GM-35%",2,2026-01-09,7,13.5142857142857,16.44,3.52,0.05,295.92,0,18,16.44,0,0,-3.56925170068027,-0.277315010570825
"D77","Bar Soap","RECKITT","Bar Soap","ALL","BAR SOAP-All-120GM-35%",2,2026-01-10,7,13.5142857142857,16.44,3.52,0.05,295.92,0,18,16.44,0,0,-3.56925170068027,-0.277315010570825
"D77","Bar Soap","RECKITT","Bar Soap","ALL","BAR SOAP-All-120GM-35%",2,2026-01-11,7,13.5142857142857,16.44,3.52,0.05,295.92,0,18,16.44,0,0,-3.56925170068027,-0.277315010570825
"D77","Bar Soap","RECKITT","Bar Soap","ALL","BAR SOAP-All-120GM-35%",2,2026-01-12,6,13.5142857142857,16.44,3.52,0.05,295.92,0,18,16.44,0,0,-3.56925170068027,-0.277315010570825
"D77","Bar Soap","RECKITT","Bar Soap","ALL","BAR SOAP-All-120GM-35%",2,2026-01-13,6,13.5142857142857,16.44,3.52,0.05,295.92,0,18,16.44,0,0,-3.56925170068027,-0.277315010570825
"D77","Bar Soap","RECKITT","Bar Soap","ALL","BAR SOAP-All-120GM-35%",2,2026-01-14,7,13.5142857142857,16.44,3.52,0.05,295.92,0,18,16.44,0,0,-3.56925170068027,-0.277315010570825
"D77","Bar Soap","RECKITT","Bar Soap","ALL","BAR SOAP-All-120GM-35%",3,2026-01-15,7,13.5142857142857,16.44,3.52,0.05,295.92,0,18,16.44,0,0,-3.56925170068027,-0.277315010570825
"D77","Bar Soap","RECKITT","Bar Soap","ALL","BAR SOAP-All-120GM-35%",3,2026-01-16,6,13.5142857142857,16.44,3.52,0.05,295.92,0,18,16.44,0,0,-3.56925170068027,-0.277315010570825
"D77","Bar Soap","RECKITT","Bar Soap","ALL","BAR SOAP-All-120GM-35%",3,2026-01-17,6,13.5142857142857,16.44,3.52,0.05,295.92,0,18,16.44,0,0,-3.56925170068027,-0.277315010570825
"D77","Bar Soap","RECKITT","Bar Soap","ALL","BAR SOAP-All-120GM-35%",3,2026-01-18,5,13.5142857142857,16.44,3.52,0.05,295.92,0,18,16.44,0,0,-3.56925170068027,-0.277315010570825
"D77","Bar Soap","RECKITT","Bar Soap","ALL","BAR SOAP-All-120GM-35%",3,2026-01-19,7,13.5142857142857,16.44,3.52,0.05,295.92,0,18,16.44,0,0,-3.56925170068027,-0.277315010570825
"D77","Bar Soap","RECKITT","Bar Soap","ALL","BAR SOAP-All-120GM-35%",3,2026-01-20,5,13.5142857142857,16.44,3.52,0.05,295.92,0,18,16.44,0,0,-3.56925170068027,-0.277315010570825
"D77","Bar Soap","RECKITT","Bar Soap","ALL","BAR SOAP-All-120GM-35%",3,2026-01-21,4,13.5142857142857,16.44,3.52,0.05,295.92,0,18,16.44,0,0,-3.56925170068027,-0.277315010570825
"D77","Bar Soap","RECKITT","Bar Soap","ALL","BAR SOAP-All-120GM-35%",3,2026-01-22,6,13.5142857142857,16.44,3.52,0.05,295.92,0,18,16.44,0,0,-3.56925170068027,-0.277315010570825
"D77","Bar Soap","RECKITT","Bar Soap","ALL","BAR SOAP-All-120GM-35%",3,2026-01-23,3,13.5142857142857,16.44,3.52,0.05,295.92,0,18,16.44,0,0,-3.56925170068027,-0.277315010570825
"D77","Bar Soap","RECKITT","Bar Soap","ALL","BAR SOAP-All-120GM-35%",3,2026-01-24,4,13.5142857142857,16.44,3.52,0.05,295.92,0,18,16.44,0,0,-3.56925170068027,-0.277315010570825
"D77","Bar Soap","RECKITT","Bar Soap","ALL","BAR SOAP-All-120GM-35%",3,2026-01-25,7,13.5142857142857,16.44,3.52,0.05,295.92,0,18,16.44,0,0,-3.56925170068027,-0.277315010570825
"D77","Bar Soap","RECKITT","Bar Soap","ALL","BAR SOAP-All-120GM-35%",3,2026-01-26,7,13.5142857142857,16.44,3.52,0.05,295.92,0,18,16.44,0,0,-3.56925170068027,-0.277315010570825
"D77","Bar Soap","RECKITT","Bar Soap","ALL","BAR SOAP-All-120GM-35%",4,2026-01-27,4,13.5142857142857,16.44,3.52,0.05,295.92,0,18,16.44,0,0,-3.56925170068027,-0.277315010570825
"D77","Bar Soap","RECKITT","Bar Soap","ALL","BAR SOAP-All-120GM-35%",4,2026-01-28,4,13.5142857142857,16.44,3.52,0.05,295.92,0,18,16.44,0,0,-3.56925170068027,-0.277315010570825
"D77","Bar Soap","RECKITT","Bar Soap","ALL","BAR SOAP-All-120GM-35%",4,2026-01-29,1,13.5142857142857,16.44,3.52,0.05,295.92,0,18,16.44,0,0,-3.56925170068027,-0.277315010570825
"D77","Bar Soap","RECKITT","Bar Soap","ALL","BAR SOAP-All-120GM-35%",4,2026-01-30,2,13.5142857142857,16.44,3.52,0.05,295.92,0,18,16.44,0,0,-3.56925170068027,-0.277315010570825
"D77","Bar Soap","RECKITT","Bar Soap","ALL","BAR SOAP-All-120GM-35%",4,2026-01-31,3,13.5142857142857,16.44,3.52,0.05,295.92,0,18,16.44,0,0,-3.56925170068027,-0.277315010570825
"D77","Bar Soap","RECKITT","Bar Soap","ALL","BAR SOAP-All-120GM-35%",4,2026-02-01,2,13.5142857142857,16.44,3.52,0.05,295.92,0,18,16.44,0,0,-3.56925170068027,-0.277315010570825
"D77","Bar Soap","RECKITT","Bar Soap","ALL","BAR SOAP-All-120GM-35%",4,2026-02-02,4,13.5142857142857,16.44,3.52,0.05,295.92,0,18,16.44,0,0,-3.56925170068027,-0.277315010570825
"D77","Bar Soap","RECKITT","Bar Soap","ALL","BAR SOAP-All-120GM-35%",4,2026-02-03,6,13.5142857142857,16.44,3.52,0.05,295.92,0,18,16.44,0,0,-3.56925170068027,-0.277315010570825
"D77","Bar Soap","RECKITT","Bar Soap","ALL","BAR SOAP-All-120GM-35%",4,2026-02-04,4,13.5142857142857,16.44,3.52,0.05,295.92,0,18,16.44,0,0,-3.56925170068027,-0.277315010570825
"D77","Bar Soap","RECKITT","Bar Soap","ALL","BAR SOAP-All-120GM-35%",4,2026-02-05,3,13.5142857142857,16.44,3.52,0.05,295.92,0,18,16.44,0,0,-3.56925170068027,-0.277315010570825
"D77","Bar Soap","RECKITT","Bar Soap","ALL","BAR SOAP-All-120GM-35%",5,2026-02-06,2,13.5142857142857,16.44,3.52,0.05,295.92,0,18,16.44,0,0,-3.56925170068027,-0.277315010570825
"D77","Bar Soap","RECKITT","Bar Soap","ALL","BAR SOAP-All-120GM-35%",5,2026-02-07,3,13.5142857142857,16.44,3.52,0.05,295.92,0,18,16.44,0,0,-3.56925170068027,-0.277315010570825
"D77","Bar Soap","RECKITT","Bar Soap","ALL","BAR SOAP-All-120GM-35%",5,2026-02-08,3,13.5142857142857,16.44,3.52,0.05,295.92,0,18,16.44,0,0,-3.56925170068027,-0.277315010570825
"D77","Bar Soap","RECKITT","Bar Soap","ALL","BAR SOAP-All-120GM-35%",5,2026-02-09,1,13.5142857142857,16.44,3.52,0.05,295.92,0,18,16.44,0,0,-3.56925170068027,-0.277315010570825
"D77","Bar Soap","RECKITT","Bar Soap","ALL","BAR SOAP-All-120GM-35%",5,2026-02-10,6,13.5142857142857,16.44,3.52,0.05,295.92,0,18,16.44,0,0,-3.56925170068027,-0.277315010570825
"D77","Bar Soap","RECKITT","Bar Soap","ALL","BAR SOAP-All-120GM-35%",5,2026-02-11,1,13.5142857142857,16.44,3.52,0.05,295.92,0,18,16.44,0,0,-3.56925170068027,-0.277315010570825
"D77","Bar Soap","RECKITT","Bar Soap","ALL","BAR SOAP-All-120GM-35%",5,2026-02-12,1,13.5142857142857,16.44,3.52,0.05,295.92,0,18,16.44,0,0,-3.56925170068027,-0.277315010570825
"D77","Bar Soap","RECKITT","Bar Soap","ALL","BAR SOAP-All-120GM-35%",5,2026-02-13,2,13.5142857142857,16.44,3.52,0.05,295.92,0,18,16.44,0,0,-3.56925170068027,-0.277315010570825
"D77","Bar Soap","RECKITT","Bar Soap","ALL","BAR SOAP-All-120GM-35%",5,2026-02-14,4,13.5142857142857,16.44,3.52,0.05,295.92,0,18,16.44,0,0,-3.56925170068027,-0.277315010570825
"D77","Bar Soap","RECKITT","Bar Soap","ALL","BAR SOAP-All-120GM-35%",5,2026-02-15,4,13.5142857142857,16.44,3.52,0.05,295.92,0,18,16.44,0,0,-3.56925170068027,-0.277315010570825
"D77","Bar Soap","RECKITT","Bar Soap","ALL","BAR SOAP-All-120GM-35%",5,2026-02-16,4,13.5142857142857,16.44,3.52,0.05,295.92,0,18,16.44,0,0,-3.56925170068027,-0.277315010570825
"D77","Bar Soap","RECKITT","Bar Soap","ALL","BAR SOAP-All-120GM-35%",5,2026-02-17,4,13.5142857142857,16.44,3.52,0.05,295.92,0,18,16.44,0,0,-3.56925170068027,-0.277315010570825
"D77","Bar Soap","RECKITT","Bar Soap","ALL","BAR SOAP-All-120GM-35%",5,2026-02-18,4,13.5142857142857,16.44,3.52,0.05,295.92,0,18,16.44,0,0,-3.56925170068027,-0.277315010570825
"D77","Bar Soap","RECKITT","Bar Soap","ALL","BAR SOAP-All-120GM-35%",5,2026-02-19,5,13.5142857142857,16.44,3.52,0.05,295.92,0,18,16.44,0,0,-3.56925170068027,-0.277315010570825
"D77","Bar Soap","RECKITT","Bar Soap","ALL","BAR SOAP-All-120GM-35%",6,2026-02-20,4,13.5142857142857,16.44,3.52,0.05,295.92,0,18,16.44,0,0,-3.56925170068027,-0.277315010570825
"D77","Bar Soap","RECKITT","Bar Soap","ALL","BAR SOAP-All-120GM-35%",6,2026-02-21,4,13.5142857142857,16.44,3.52,0.05,295.92,0,18,16.44,0,0,-3.56925170068027,-0.277315010570825
"D77","Bar Soap","RECKITT","Bar Soap","ALL","BAR SOAP-All-120GM-35%",6,2026-02-22,4,13.5142857142857,16.44,3.52,0.05,295.92,0,18,16.44,0,0,-3.56925170068027,-0.277315010570825
"D77","Bar Soap","RECKITT","Bar Soap","ALL","BAR SOAP-All-120GM-35%",6,2026-02-23,6,13.5142857142857,16.44,3.52,0.05,295.92,0,18,16.44,0,0,-3.56925170068027,-0.277315010570825
"D77","Bar Soap","RECKITT","Bar Soap","ALL","BAR SOAP-All-120GM-35%",6,2026-02-24,6,13.5142857142857,16.44,3.52,0.05,295.92,0,18,16.44,0,0,-3.56925170068027,-0.277315010570825
"D77","Bar Soap","RECKITT","Bar Soap","ALL","BAR SOAP-All-120GM-35%",6,2026-02-25,4,13.5142857142857,16.44,3.52,0.05,295.92,0,18,16.44,0,0,-3.56925170068027,-0.277315010570825
"D77","Bar Soap","RECKITT","Bar Soap","ALL","BAR SOAP-All-120GM-35%",6,2026-02-26,6,13.5142857142857,16.44,3.52,0.05,295.92,0,18,16.44,0,0,-3.56925170068027,-0.277315010570825
"D77","Bar Soap","RECKITT","Bar Soap","ALL","BAR SOAP-All-120GM-35%",6,2026-02-27,4,13.5142857142857,16.44,3.52,0.05,295.92,0,18,16.44,0,0,-3.56925170068027,-0.277315010570825
"D77","Bar Soap","RECKITT","Bar Soap","ALL","BAR SOAP-All-120GM-35%",6,2026-02-28,4,13.5142857142857,16.44,3.52,0.05,295.92,0,18,16.44,0,0,-3.56925170068027,-0.277315010570825
"D77","Bar Soap","RECKITT","Bar Soap","ALL","BAR SOAP-All-120GM-35%",6,2026-03-01,4,13.5142857142857,16.44,3.52,0.05,295.92,0,18,16.44,0,0,-3.56925170068027,-0.277315010570825
"D77","Bar Soap","RECKITT","Bar Soap","ALL","BAR SOAP-All-120GM-35%",6,2026-03-02,4,13.5142857142857,16.44,3.52,0.05,295.92,0,18,16.44,0,0,-3.56925170068027,-0.277315010570825
"D77","Bar Soap","RECKITT","Bar Soap","ALL","BAR SOAP-All-120GM-35%",7,2026-03-03,4,13.5142857142857,16.44,3.52,0.05,295.92,0,18,16.44,0,0,-3.56925170068027,-0.277315010570825
"D77","Bar Soap","RECKITT","Bar Soap","ALL","BAR SOAP-All-120GM-35%",7,2026-03-04,4,13.5142857142857,16.44,3.52,0.05,295.92,0,18,16.44,0,0,-3.56925170068027,-0.277315010570825
"D77","Bar Soap","RECKITT","Bar Soap","ALL","BAR SOAP-All-120GM-35%",7,2026-03-05,4,13.5142857142857,16.44,3.52,0.05,295.92,0,18,16.44,0,0,-3.56925170068027,-0.277315010570825
"D77","Bar Soap","RECKITT","Bar Soap","ALL","BAR SOAP-All-120GM-35%",7,2026-03-06,3,13.5142857142857,16.44,3.52,0.05,295.92,0,18,16.44,0,0,-3.56925170068027,-0.277315010570825
"D77","Bar Soap","RECKITT","Bar Soap","ALL","BAR SOAP-All-120GM-35%",7,2026-03-07,4,13.5142857142857,16.44,3.52,0.05,295.92,0,18,16.44,0,0,-3.56925170068027,-0.277315010570825
"D77","Bar Soap","RECKITT","Bar Soap","ALL","BAR SOAP-All-120GM-35%",7,2026-03-08,2,13.5142857142857,16.44,3.52,0.05,295.92,0,18,16.44,0,0,-3.56925170068027,-0.277315010570825
"D77","Bar Soap","RECKITT","Bar Soap","ALL","BAR SOAP-All-120GM-35%",7,2026-03-09,4,13.5142857142857,16.44,3.52,0.05,295.92,0,18,16.44,0,0,-3.56925170068027,-0.277315010570825
"D77","Bar Soap","RECKITT","Bar Soap","ALL","BAR SOAP-All-120GM-35%",7,2026-03-10,3,13.5142857142857,16.44,3.52,0.05,295.92,0,18,16.44,0,0,-3.56925170068027,-0.277315010570825
"D77","Bar Soap","RECKITT","Bar Soap","ALL","BAR SOAP-All-120GM-35%",7,2026-03-11,3,13.5142857142857,16.44,3.52,0.05,295.92,0,18,16.44,0,0,-3.56925170068027,-0.277315010570825
"D77","Bar Soap","RECKITT","Bar Soap","ALL","BAR SOAP-All-120GM-35%",7,2026-03-12,2,13.5142857142857,16.44,3.52,0.05,295.92,0,18,16.44,0,0,-3.56925170068027,-0.277315010570825
"D77","Bar Soap","RECKITT","Bar Soap","ALL","BAR SOAP-All-120GM-35%",8,2026-03-13,1,13.5142857142857,16.44,3.52,0.05,295.92,0,18,16.44,0,0,-3.56925170068027,-0.277315010570825
"D77","Bar Soap","RECKITT","Bar Soap","ALL","BAR SOAP-All-120GM-35%",8,2026-03-14,4,13.5142857142857,16.44,3.52,0.05,295.92,0,18,16.44,0,0,-3.56925170068027,-0.277315010570825
"D77","Bar Soap","RECKITT","Bar Soap","ALL","BAR SOAP-All-120GM-35%",8,2026-03-15,4,13.5142857142857,16.44,3.52,0.05,295.92,0,18,16.44,0,0,-3.56925170068027,-0.277315010570825
"D77","Bar Soap","RECKITT","Bar Soap","ALL","BAR SOAP-All-120GM-35%",8,2026-03-16,4,13.5142857142857,16.44,3.52,0.05,295.92,0,18,16.44,0,0,-3.56925170068027,-0.277315010570825
"D77","Bar Soap","RECKITT","Bar Soap","ALL","BAR SOAP-All-120GM-35%",8,2026-03-17,4,13.5142857142857,16.44,3.52,0.05,295.92,0,18,16.44,0,0,-3.56925170068027,-0.277315010570825
"D77","Bar Soap","RECKITT","Bar Soap","ALL","BAR SOAP-All-120GM-35%",8,2026-03-18,4,13.5142857142857,16.44,3.52,0.05,295.92,0,18,16.44,0,0,-3.56925170068027,-0.277315010570825
"D77","Bar Soap","RECKITT","Bar Soap","ALL","BAR SOAP-All-120GM-35%",8,2026-03-19,6,13.5142857142857,16.44,3.52,0.05,295.92,0,18,16.44,0,0,-3.56925170068027,-0.277315010570825
"D77","Bar Soap","RECKITT","Bar Soap","ALL","BAR SOAP-All-120GM-35%",8,2026-03-20,6,13.5142857142857,16.44,3.52,0.05,295.92,0,18,16.44,0,0,-3.56925170068027,-0.277315010570825
"D77","Bar Soap","RECKITT","Bar Soap","ALL","BAR SOAP-All-120GM-35%",8,2026-03-21,4,13.5142857142857,16.44,3.52,0.05,295.92,0,18,16.44,0,0,-3.56925170068027,-0.277315010570825
"D77","Bar Soap","RECKITT","Bar Soap","ALL","BAR SOAP-All-120GM-35%",8,2026-03-22,6,13.5142857142857,16.44,3.52,0.05,295.92,0,18,16.44,0,0,-3.56925170068027,-0.277315010570825
"D77","Bar Soap","RECKITT","Bar Soap","ALL","BAR SOAP-All-120GM-35%",8,2026-03-23,5,13.5142857142857,16.44,3.52,0.05,295.92,0,18,16.44,0,0,-3.56925170068027,-0.277315010570825
"D77","Bar Soap","RECKITT","Bar Soap","ALL","BAR SOAP-All-120GM-35%",9,2026-03-24,6,13.5142857142857,16.44,3.52,0.05,295.92,0,18,16.44,0,0,-3.56925170068027,-0.277315010570825
"D77","Bar Soap","RECKITT","Bar Soap","ALL","BAR SOAP-All-120GM-35%",9,2026-03-25,4,13.5142857142857,16.44,3.52,0.05,295.92,0,18,16.44,0,0,-3.56925170068027,-0.277315010570825
"D77","Bar Soap","RECKITT","Bar Soap","ALL","BAR SOAP-All-120GM-35%",9,2026-03-26,4,13.5142857142857,16.44,3.52,0.05,295.92,0,18,16.44,0,0,-3.56925170068027,-0.277315010570825
"D77","Bar Soap","RECKITT","Bar Soap","ALL","BAR SOAP-All-120GM-35%",9,2026-03-27,7,13.5142857142857,16.44,3.52,0.05,295.92,0,18,16.44,0,0,-3.56925170068027,-0.277315010570825
"D77","Bar Soap","RECKITT","Bar Soap","ALL","BAR SOAP-All-120GM-35%",9,2026-03-28,7,13.5142857142857,16.44,3.52,0.05,295.92,0,18,16.44,0,0,-3.56925170068027,-0.277315010570825
"D77","Bar Soap","RECKITT","Bar Soap","ALL","BAR SOAP-All-120GM-35%",9,2026-03-29,5,13.5142857142857,16.44,3.52,0.05,295.92,0,18,16.44,0,0,-3.56925170068027,-0.277315010570825
"D77","Bar Soap","RECKITT","Bar Soap","ALL","BAR SOAP-All-120GM-35%",9,2026-03-30,5,13.5142857142857,16.44,3.52,0.05,295.92,0,18,16.44,0,0,-3.56925170068027,-0.277315010570825
"D77","Bar Soap","RECKITT","Bar Soap","ALL","BAR SOAP-All-120GM-35%",9,2026-03-31,7,13.5142857142857,16.44,3.52,0.05,295.92,0,18,16.44,0,0,-3.56925170068027,-0.277315010570825
"D77","Bar Soap","RECKITT","Bar Soap","ALL","BAR SOAP-All-120GM-35%",9,2026-04-01,4,13.5142857142857,16.44,3.52,0.05,295.92,0,18,16.44,0,0,-3.56925170068027,-0.277315010570825
"D77","Bar Soap","RECKITT","Bar Soap","ALL","BAR SOAP-All-120GM-35%",9,2026-04-02,6,13.5142857142857,16.44,3.52,0.05,295.92,0,18,16.44,0,0,-3.56925170068027,-0.277315010570825
"D77","Bar Soap","RECKITT","Bar Soap","ALL","BAR SOAP-All-120GM-35%",9,2026-04-03,4,13.5142857142857,16.44,3.52,0.05,295.92,0,18,16.44,0,0,-3.56925170068027,-0.277315010570825
"D77","Bar Soap","RECKITT","Bar Soap","ALL","BAR SOAP-All-120GM-35%",10,2026-04-04,4,13.5142857142857,16.44,3.52,0.05,295.92,0,18,16.44,0,0,-3.56925170068027,-0.277315010570825
"D77","Bar Soap","RECKITT","Bar Soap","ALL","BAR SOAP-All-120GM-35%",10,2026-04-05,4,13.5142857142857,16.44,3.52,0.05,295.92,0,18,16.44,0,0,-3.56925170068027,-0.277315010570825
"D77","Bar Soap","RECKITT","Bar Soap","ALL","BAR SOAP-All-120GM-35%",10,2026-04-06,4,13.5142857142857,16.44,3.52,0.05,295.92,0,18,16.44,0,0,-3.56925170068027,-0.277315010570825
"D77","Bar Soap","RECKITT","Bar Soap","ALL","BAR SOAP-All-120GM-35%",10,2026-04-07,3,13.5142857142857,16.44,3.52,0.05,295.92,0,18,16.44,0,0,-3.56925170068027,-0.277315010570825
"D77","Bar Soap","RECKITT","Bar Soap","ALL","BAR SOAP-All-120GM-35%",10,2026-04-08,2,13.5142857142857,16.44,3.52,0.05,295.92,0,18,16.44,0,0,-3.56925170068027,-0.277315010570825
"D77","Bar Soap","RECKITT","Bar Soap","ALL","BAR SOAP-All-120GM-35%",10,2026-04-09,2,13.5142857142857,16.44,3.52,0.05,295.92,0,18,16.44,0,0,-3.56925170068027,-0.277315010570825
"D77","Bar Soap","RECKITT","Bar Soap","ALL","BAR SOAP-All-120GM-35%",10,2026-04-10,3,13.5142857142857,16.44,3.52,0.05,295.92,0,18,16.44,0,0,-3.56925170068027,-0.277315010570825
"D77","Bar Soap","RECKITT","Bar Soap","ALL","BAR SOAP-All-120GM-35%",10,2026-04-11,3,13.5142857142857,16.44,3.52,0.05,295.92,0,18,16.44,0,0,-3.56925170068027,-0.277315010570825
"D77","Bar Soap","RECKITT","Bar Soap","ALL","BAR SOAP-All-120GM-35%",10,2026-04-12,1,13.5142857142857,16.44,3.52,0.05,295.92,0,18,16.44,0,0,-3.56925170068027,-0.277315010570825
"D77","Bar Soap","RECKITT","Bar Soap","ALL","BAR SOAP-All-120GM-35%",10,2026-04-13,1,13.5142857142857,16.44,3.52,0.05,295.92,0,18,16.44,0,0,-3.56925170068027,-0.277315010570825
"D77","Bar Soap","RECKITT","Bar Soap","ALL","BAR SOAP-All-120GM-35%",10,2026-04-14,6,13.5142857142857,16.44,3.52,0.05,295.92,0,18,16.44,0,0,-3.56925170068027,-0.277315010570825
"D77","Bar Soap","RECKITT","Bar Soap","ALL","BAR SOAP-All-120GM-35%",11,2026-04-15,2,13.5142857142857,16.44,3.52,0.05,295.92,0,18,16.44,0,0,-3.56925170068027,-0.277315010570825
"D77","Bar Soap","RECKITT","Bar Soap","ALL","BAR SOAP-All-120GM-35%",11,2026-04-16,2,13.5142857142857,16.44,3.52,0.05,295.92,0,18,16.44,0,0,-3.56925170068027,-0.277315010570825
"D77","Bar Soap","RECKITT","Bar Soap","ALL","BAR SOAP-All-120GM-35%",11,2026-04-17,2,13.5142857142857,16.44,3.52,0.05,295.92,0,18,16.44,0,0,-3.56925170068027,-0.277315010570825
"D77","Bar Soap","RECKITT","Bar Soap","ALL","BAR SOAP-All-120GM-35%",11,2026-04-18,2,13.5142857142857,16.44,3.52,0.05,295.92,0,18,16.44,0,0,-3.56925170068027,-0.277315010570825
"D77","Bar Soap","RECKITT","Bar Soap","ALL","BAR SOAP-All-120GM-35%",11,2026-04-19,1,13.5142857142857,16.44,3.52,0.05,295.92,0,18,16.44,0,0,-3.56925170068027,-0.277315010570825
"D77","Bar Soap","RECKITT","Bar Soap","ALL","BAR SOAP-All-120GM-35%",11,2026-04-20,1,13.5142857142857,16.44,3.52,0.05,295.92,0,18,16.44,0,0,-3.56925170068027,-0.277315010570825
"D77","Bar Soap","RECKITT","Bar Soap","ALL","BAR SOAP-All-120GM-35%",11,2026-04-21,1,13.5142857142857,16.44,3.52,0.05,295.92,0,18,16.44,0,0,-3.56925170068027,-0.277315010570825
"D77","Bar Soap","RECKITT","Bar Soap","ALL","BAR SOAP-All-120GM-35%",11,2026-04-22,1,13.5142857142857,16.44,3.52,0.05,295.92,0,18,16.44,0,0,-3.56925170068027,-0.277315010570825
"D77","Bar Soap","RECKITT","Bar Soap","ALL","BAR SOAP-All-120GM-35%",11,2026-04-23,1,13.5142857142857,16.44,3.52,0.05,295.92,0,18,16.44,0,0,-3.56925170068027,-0.277315010570825
"D77","Bar Soap","RECKITT","Bar Soap","ALL","BAR SOAP-All-120GM-35%",11,2026-04-24,1,13.5142857142857,16.44,3.52,0.05,295.92,0,18,16.44,0,0,-3.56925170068027,-0.277315010570825
"D77","Bar Soap","RECKITT","Bar Soap","ALL","BAR SOAP-All-120GM-35%",12,2026-04-25,1,13.5142857142857,16.44,3.52,0.05,295.92,0,18,16.44,0,0,-3.56925170068027,-0.277315010570825
"D77","Bar Soap","RECKITT","Bar Soap","ALL","BAR SOAP-All-120GM-35%",12,2026-04-26,2,13.5142857142857,16.44,3.52,0.05,295.92,0,18,16.44,0,0,-3.56925170068027,-0.277315010570825
"D77","Bar Soap","RECKITT","Bar Soap","ALL","BAR SOAP-All-120GM-35%",12,2026-04-27,3,13.5142857142857,16.44,3.52,0.05,295.92,0,18,16.44,0,0,-3.56925170068027,-0.277315010570825
"D77","Bar Soap","RECKITT","Bar Soap","ALL","BAR SOAP-All-120GM-35%",12,2026-04-28,3,13.5142857142857,16.44,3.52,0.05,295.92,0,18,16.44,0,0,-3.56925170068027,-0.277315010570825
"D77","Bar Soap","RECKITT","Bar Soap","ALL","BAR SOAP-All-120GM-35%",12,2026-04-29,3,13.5142857142857,16.44,3.52,0.05,295.92,0,18,16.44,0,0,-3.56925170068027,-0.277315010570825
"D77","Bar Soap","RECKITT","Bar Soap","ALL","BAR SOAP-All-120GM-35%",12,2026-04-30,4,13.5142857142857,16.44,3.52,0.05,295.92,0,18,16.44,0,0,-3.56925170068027,-0.277315010570825
"D77","Bar Soap","RECKITT","Bar Soap","ALL","BAR SOAP-All-120GM-35%",12,2026-05-01,1,13.5142857142857,16.44,3.52,0.05,295.92,0,18,16.44,0,0,-3.56925170068027,-0.277315010570825
"D77","Bar Soap","RECKITT","Bar Soap","ALL","BAR SOAP-All-120GM-35%",12,2026-05-02,3,13.5142857142857,16.44,3.52,0.05,295.92,0,18,16.44,0,0,-3.56925170068027,-0.277315010570825
"D77","Bar Soap","RECKITT","Bar Soap","ALL","BAR SOAP-All-120GM-35%",12,2026-05-03,3,13.5142857142857,16.44,3.52,0.05,295.92,0,18,16.44,0,0,-3.56925170068027,-0.277315010570825
"D77","Bar Soap","RECKITT","Bar Soap","ALL","BAR SOAP-All-120GM-35%",12,2026-05-04,3,13.5142857142857,16.44,3.52,0.05,295.92,0,18,16.44,0,0,-3.56925170068027,-0.277315010570825
"D77","Bar Soap","RECKITT","Bar Soap","ALL","BAR SOAP-All-120GM-35%",12,2026-05-05,4,13.5142857142857,16.44,3.52,0.05,295.92,0,18,16.44,0,0,-3.56925170068027,-0.277315010570825
"D77","Bar Soap","RECKITT","Bar Soap","ALL","BAR SOAP-All-120GM-35%",13,2026-05-06,4,13.5142857142857,16.44,3.52,0.05,295.92,0,18,16.44,0,0,-3.56925170068027,-0.277315010570825
"D77","Bar Soap","RECKITT","Bar Soap","ALL","BAR SOAP-All-120GM-35%",13,2026-05-07,4,13.5142857142857,16.44,3.52,0.05,295.92,0,18,16.44,0,0,-3.56925170068027,-0.277315010570825
"D77","Bar Soap","RECKITT","Bar Soap","ALL","BAR SOAP-All-120GM-35%",13,2026-05-08,6,13.5142857142857,16.44,3.52,0.05,295.92,0,18,16.44,0,0,-3.56925170068027,-0.277315010570825
"D77","Bar Soap","RECKITT","Bar Soap","ALL","BAR SOAP-All-120GM-35%",13,2026-05-09,6,13.5142857142857,16.44,3.52,0.05,295.92,0,18,16.44,0,0,-3.56925170068027,-0.277315010570825
"D77","Bar Soap","RECKITT","Bar Soap","ALL","BAR SOAP-All-120GM-35%",13,2026-05-10,6,13.5142857142857,16.44,3.52,0.05,295.92,0,18,16.44,0,0,-3.56925170068027,-0.277315010570825
"D77","Bar Soap","RECKITT","Bar Soap","ALL","BAR SOAP-All-120GM-35%",13,2026-05-11,4,13.5142857142857,16.44,3.52,0.05,295.92,0,18,16.44,0,0,-3.56925170068027,-0.277315010570825
"D77","Bar Soap","RECKITT","Bar Soap","ALL","BAR SOAP-All-120GM-35%",13,2026-05-12,4,13.5142857142857,16.44,3.52,0.05,295.92,0,18,16.44,0,0,-3.56925170068027,-0.277315010570825
"D77","Bar Soap","RECKITT","Bar Soap","ALL","BAR SOAP-All-120GM-35%",13,2026-05-13,4,13.5142857142857,16.44,3.52,0.05,295.92,0,18,16.44,0,0,-3.56925170068027,-0.277315010570825
"D77","Bar Soap","RECKITT","Bar Soap","ALL","BAR SOAP-All-120GM-35%",13,2026-05-14,4,13.5142857142857,16.44,3.52,0.05,295.92,0,18,16.44,0,0,-3.56925170068027,-0.277315010570825
"D77","Bar Soap","RECKITT","Bar Soap","ALL","BAR SOAP-All-120GM-35%",13,2026-05-15,6,13.5142857142857,16.44,3.52,0.05,295.92,0,18,16.44,0,0,-3.56925170068027,-0.277315010570825
"D77","Bar Soap","RECKITT","Bar Soap","ALL","BAR SOAP-All-120GM-35%",14,2026-05-16,4,13.5142857142857,16.44,3.52,0.05,295.92,0,18,16.44,0,0,-3.56925170068027,-0.277315010570825
"D77","Bar Soap","RECKITT","Bar Soap","ALL","BAR SOAP-All-120GM-35%",14,2026-05-17,1,13.5142857142857,16.44,3.52,0.05,295.92,0,18,16.44,0,0,-3.56925170068027,-0.277315010570825
"D77","Bar Soap","RECKITT","Bar Soap","ALL","BAR SOAP-All-120GM-35%",14,2026-05-18,1,13.5142857142857,16.44,3.52,0.05,295.92,0,18,16.44,0,0,-3.56925170068027,-0.277315010570825
"D77","Bar Soap","RECKITT","Bar Soap","ALL","BAR SOAP-All-120GM-35%",14,2026-05-19,3,13.5142857142857,16.44,3.52,0.05,295.92,0,18,16.44,0,0,-3.56925170068027,-0.277315010570825
"D77","Bar Soap","RECKITT","Bar Soap","ALL","BAR SOAP-All-120GM-35%",14,2026-05-20,3,13.5142857142857,16.44,3.52,0.05,295.92,0,18,16.44,0,0,-3.56925170068027,-0.277315010570825
"D77","Bar Soap","RECKITT","Bar Soap","ALL","BAR SOAP-All-120GM-35%",14,2026-05-21,2,13.5142857142857,16.44,3.52,0.05,295.92,0,18,16.44,0,0,-3.56925170068027,-0.277315010570825
"D77","Bar Soap","RECKITT","Bar Soap","ALL","BAR SOAP-All-120GM-35%",14,2026-05-22,2,13.5142857142857,16.44,3.52,0.05,295.92,0,18,16.44,0,0,-3.56925170068027,-0.277315010570825
"D77","Bar Soap","RECKITT","Bar Soap","ALL","BAR SOAP-All-120GM-35%",14,2026-05-23,3,13.5142857142857,16.44,3.52,0.05,295.92,0,18,16.44,0,0,-3.56925170068027,-0.277315010570825
"D77","Bar Soap","RECKITT","Bar Soap","ALL","BAR SOAP-All-120GM-35%",14,2026-05-24,6,13.5142857142857,16.44,3.52,0.05,295.92,0,18,16.44,0,0,-3.56925170068027,-0.277315010570825
"D77","Bar Soap","RECKITT","Bar Soap","ALL","BAR SOAP-All-120GM-35%",14,2026-05-25,6,13.5142857142857,16.44,3.52,0.05,295.92,0,18,16.44,0,0,-3.56925170068027,-0.277315010570825
"D77","Bar Soap","RECKITT","Bar Soap","ALL","BAR SOAP-All-120GM-35%",14,2026-05-26,2,13.5142857142857,16.44,3.52,0.05,295.92,0,18,16.44,0,0,-3.56925170068027,-0.277315010570825
"D77","Bar Soap","RECKITT","Bar Soap","ALL","BAR SOAP-All-120GM-35%",15,2026-05-27,6,13.5142857142857,16.44,3.52,0.05,295.92,0,18,16.44,0,0,-3.56925170068027,-0.277315010570825
"D77","Bar Soap","RECKITT","Bar Soap","ALL","BAR SOAP-All-120GM-35%",15,2026-05-28,6,13.5142857142857,16.44,3.52,0.05,295.92,0,18,16.44,0,0,-3.56925170068027,-0.277315010570825
"D77","Bar Soap","RECKITT","Bar Soap","ALL","BAR SOAP-All-120GM-35%",15,2026-05-29,5,13.5142857142857,16.44,3.52,0.05,295.92,0,18,16.44,0,0,-3.56925170068027,-0.277315010570825
"D77","Bar Soap","RECKITT","Bar Soap","ALL","BAR SOAP-All-120GM-35%",15,2026-05-30,6,13.5142857142857,16.44,3.52,0.05,295.92,0,18,16.44,0,0,-3.56925170068027,-0.277315010570825
"D77","Bar Soap","RECKITT","Bar Soap","ALL","BAR SOAP-All-120GM-35%",15,2026-05-31,6,13.5142857142857,16.44,3.52,0.05,295.92,0,18,16.44,0,0,-3.56925170068027,-0.277315010570825
"D77","Bar Soap","RECKITT","Bar Soap","ALL","BAR SOAP-All-120GM-35%",15,2026-06-01,6,13.5142857142857,16.44,3.52,0.05,295.92,0,18,16.44,0,0,-3.56925170068027,-0.277315010570825
"D77","Bar Soap","RECKITT","Bar Soap","ALL","BAR SOAP-All-120GM-35%",15,2026-06-02,5,13.5142857142857,16.44,3.52,0.05,295.92,0,18,16.44,0,0,-3.56925170068027,-0.277315010570825
"D77","Bar Soap","RECKITT","Bar Soap","ALL","BAR SOAP-All-120GM-35%",15,2026-06-03,5,13.5142857142857,16.44,3.52,0.05,295.92,0,18,16.44,0,0,-3.56925170068027,-0.277315010570825
"D77","Bar Soap","RECKITT","Bar Soap","ALL","BAR SOAP-All-120GM-35%",15,2026-06-04,3,13.5142857142857,16.44,3.52,0.05,295.92,0,18,16.44,0,0,-3.56925170068027,-0.277315010570825
"D77","Bar Soap","RECKITT","Bar Soap","ALL","BAR SOAP-All-120GM-35%",15,2026-06-05,6,13.5142857142857,16.44,3.52,0.05,295.92,0,18,16.44,0,0,-3.56925170068027,-0.277315010570825
"D77","Bar Soap","RECKITT","Bar Soap","ALL","BAR SOAP-All-120GM-35%",16,2026-06-06,4,13.5142857142857,16.44,3.52,0.05,295.92,0,18,16.44,0,0,-3.56925170068027,-0.277315010570825
"D77","Bar Soap","RECKITT","Bar Soap","ALL","BAR SOAP-All-120GM-35%",16,2026-06-07,3,13.5142857142857,16.44,3.52,0.05,295.92,0,18,16.44,0,0,-3.56925170068027,-0.277315010570825
"D77","Bar Soap","RECKITT","Bar Soap","ALL","BAR SOAP-All-120GM-35%",16,2026-06-08,6,13.5142857142857,16.44,3.52,0.05,295.92,0,18,16.44,0,0,-3.56925170068027,-0.277315010570825
"D77","Bar Soap","RECKITT","Bar Soap","ALL","BAR SOAP-All-120GM-35%",16,2026-06-09,6,13.5142857142857,16.44,3.52,0.05,295.92,0,18,16.44,0,0,-3.56925170068027,-0.277315010570825
"D77","Bar Soap","RECKITT","Bar Soap","ALL","BAR SOAP-All-120GM-35%",17,2026-06-10,7,13.5142857142857,16.44,3.52,0.05,295.92,0,18,16.44,0,0,-3.56925170068027,-0.277315010570825
"D77","Bar Soap","RECKITT","Bar Soap","ALL","BAR SOAP-All-120GM-35%",17,2026-06-11,6,13.5142857142857,16.44,3.52,0.05,295.92,0,18,16.44,0,0,-3.56925170068027,-0.277315010570825
"D77","Bar Soap","RECKITT","Bar Soap","ALL","BAR SOAP-All-120GM-35%",17,2026-06-12,7,13.5142857142857,16.44,3.52,0.05,295.92,0,18,16.44,0,0,-3.56925170068027,-0.277315010570825
"D77","Bar Soap","RECKITT","Bar Soap","ALL","BAR SOAP-All-120GM-35%",17,2026-06-13,7,13.5142857142857,16.44,3.52,0.05,295.92,0,18,16.44,0,0,-3.56925170068027,-0.277315010570825
"D77","Bar Soap","RECKITT","Bar Soap","ALL","BAR SOAP-All-120GM-35%",17,2026-06-14,7,13.5142857142857,16.44,3.52,0.05,295.92,0,18,16.44,0,0,-3.56925170068027,-0.277315010570825
"D77","Bar Soap","RECKITT","Bar Soap","ALL","BAR SOAP-All-120GM-35%",17,2026-06-15,6,13.5142857142857,16.44,3.52,0.05,295.92,0,18,16.44,0,0,-3.56925170068027,-0.277315010570825
"D77","Bar Soap","RECKITT","Bar Soap","ALL","BAR SOAP-All-120GM-35%",17,2026-06-16,5,13.5142857142857,16.44,3.52,0.05,295.92,0,18,16.44,0,0,-3.56925170068027,-0.277315010570825
"D77","Bar Soap","RECKITT","Bar Soap","ALL","BAR SOAP-All-120GM-35%",17,2026-06-17,6,13.5142857142857,16.44,3.52,0.05,295.92,0,18,16.44,0,0,-3.56925170068027,-0.277315010570825
"D77","Bar Soap","RECKITT","Bar Soap","ALL","BAR SOAP-All-120GM-35%",17,2026-06-18,7,13.5142857142857,16.44,3.52,0.05,295.92,0,18,16.44,0,0,-3.56925170068027,-0.277315010570825
"D77","Bar Soap","RECKITT","Bar Soap","ALL","BAR SOAP-All-120GM-35%",17,2026-06-19,7,13.5142857142857,16.44,3.52,0.05,295.92,0,18,16.44,0,0,-3.56925170068027,-0.277315010570825
"D77","Bar Soap","RECKITT","Bar Soap","ALL","BAR SOAP-All-120GM-35%",18,2026-06-20,6,13.5142857142857,16.44,3.52,0.05,295.92,0,18,16.44,0,0,-3.56925170068027,-0.277315010570825
"D77","Bar Soap","RECKITT","Bar Soap","ALL","BAR SOAP-All-120GM-35%",18,2026-06-21,6,13.5142857142857,16.44,3.52,0.05,295.92,0,18,16.44,0,0,-3.56925170068027,-0.277315010570825
"D77","Bar Soap","RECKITT","Bar Soap","ALL","BAR SOAP-All-120GM-35%",18,2026-06-22,6,13.5142857142857,16.44,3.52,0.05,295.92,0,18,16.44,0,0,-3.56925170068027,-0.277315010570825
"D77","Bar Soap","RECKITT","Bar Soap","ALL","BAR SOAP-All-120GM-35%",18,2026-06-23,6,13.5142857142857,16.44,3.52,0.05,295.92,0,18,16.44,0,0,-3.56925170068027,-0.277315010570825
"D77","Bar Soap","RECKITT","Bar Soap","ALL","BAR SOAP-All-120GM-35%",18,2026-06-24,6,13.5142857142857,16.44,3.52,0.05,295.92,0,18,16.44,0,0,-3.56925170068027,-0.277315010570825
"D77","Bar Soap","RECKITT","Bar Soap","ALL","BAR SOAP-All-120GM-35%",18,2026-06-25,4,13.5142857142857,16.44,3.52,0.05,295.92,0,18,16.44,0,0,-3.56925170068027,-0.277315010570825
"D77","Bar Soap","RECKITT","Bar Soap","ALL","BAR SOAP-All-120GM-35%",18,2026-06-26,6,13.5142857142857,16.44,3.52,0.05,295.92,0,18,16.44,0,0,-3.56925170068027,-0.277315010570825
"D77","Bar Soap","RECKITT","Bar Soap","ALL","BAR SOAP-All-120GM-35%",18,2026-06-27,6,13.5142857142857,16.44,3.52,0.05,295.92,0,18,16.44,0,0,-3.56925170068027,-0.277315010570825
"D77","Bar Soap","RECKITT","Bar Soap","ALL","BAR SOAP-All-120GM-35%",18,2026-06-28,7,13.5142857142857,16.44,3.52,0.05,295.92,0,18,16.44,0,0,-3.56925170068027,-0.277315010570825
"D77","Bar Soap","RECKITT","Bar Soap","ALL","BAR SOAP-All-120GM-35%",18,2026-06-29,4,13.5142857142857,16.44,3.52,0.05,295.92,0,18,16.44,0,0,-3.56925170068027,-0.277315010570825
"D77","Bar Soap","RECKITT","Bar Soap","ALL","BAR SOAP-All-120GM-35%",18,2026-06-30,7,13.5142857142857,16.44,3.52,0.05,295.92,0,18,16.44,0,0,-3.56925170068027,-0.277315010570825
"D77","Bar Soap","RECKITT","Bar Soap","ALL","BAR SOAP-All-120GM-35%",19,2026-07-01,7,13.5142857142857,16.44,3.52,0.05,295.92,0,18,16.44,0,0,-3.56925170068027,-0.277315010570825
"D77","Bar Soap","RECKITT","Bar Soap","ALL","BAR SOAP-All-120GM-35%",19,2026-07-02,7,13.5142857142857,16.44,3.52,0.05,295.92,0,18,16.44,0,0,-3.56925170068027,-0.277315010570825
"D77","Bar Soap","RECKITT","Bar Soap","ALL","BAR SOAP-All-120GM-35%",19,2026-07-03,5,13.5142857142857,16.44,3.52,0.05,295.92,0,18,16.44,0,0,-3.56925170068027,-0.277315010570825
"D77","Bar Soap","RECKITT","Bar Soap","ALL","BAR SOAP-All-120GM-35%",19,2026-07-04,5,13.5142857142857,16.44,3.52,0.05,295.92,0,18,16.44,0,0,-3.56925170068027,-0.277315010570825
"D77","Bar Soap","RECKITT","Bar Soap","ALL","BAR SOAP-All-120GM-35%",19,2026-07-05,7,13.5142857142857,16.44,3.52,0.05,295.92,0,18,16.44,0,0,-3.56925170068027,-0.277315010570825
"D77","Bar Soap","RECKITT","Bar Soap","ALL","BAR SOAP-All-120GM-35%",19,2026-07-06,7,13.5142857142857,16.44,3.52,0.05,295.92,0,18,16.44,0,0,-3.56925170068027,-0.277315010570825
"D77","Bar Soap","RECKITT","Bar Soap","ALL","BAR SOAP-All-120GM-35%",19,2026-07-07,6,13.5142857142857,16.44,3.52,0.05,295.92,0,18,16.44,0,0,-3.56925170068027,-0.277315010570825
"D77","Bar Soap","RECKITT","Bar Soap","ALL","BAR SOAP-All-120GM-35%",19,2026-07-08,6,13.5142857142857,16.44,3.52,0.05,295.92,0,18,16.44,0,0,-3.56925170068027,-0.277315010570825
"D77","Bar Soap","RECKITT","Bar Soap","ALL","BAR SOAP-All-120GM-35%",19,2026-07-09,7,13.5142857142857,16.44,3.52,0.05,295.92,0,18,16.44,0,0,-3.56925170068027,-0.277315010570825
"D77","Bar Soap","RECKITT","Bar Soap","ALL","BAR SOAP-All-120GM-35%",19,2026-07-10,6,13.5142857142857,16.44,3.52,0.05,295.92,0,18,16.44,0,0,-3.56925170068027,-0.277315010570825
"D77","Bar Soap","RECKITT","Bar Soap","ALL","BAR SOAP-All-120GM-35%",20,2026-07-11,3,13.5142857142857,16.44,3.52,0.05,295.92,0,18,16.44,0,0,-3.56925170068027,-0.277315010570825
"D77","Bar Soap","RECKITT","Bar Soap","ALL","BAR SOAP-All-120GM-35%",20,2026-07-12,4,13.5142857142857,16.44,3.52,0.05,295.92,0,18,16.44,0,0,-3.56925170068027,-0.277315010570825
"D77","Bar Soap","RECKITT","Bar Soap","ALL","BAR SOAP-All-120GM-35%",20,2026-07-13,3,13.5142857142857,16.44,3.52,0.05,295.92,0,18,16.44,0,0,-3.56925170068027,-0.277315010570825
"D77","Bar Soap","RECKITT","Bar Soap","ALL","BAR SOAP-All-120GM-35%",20,2026-07-14,6,13.5142857142857,16.44,3.52,0.05,295.92,0,18,16.44,0,0,-3.56925170068027,-0.277315010570825
"D77","Bar Soap","RECKITT","Bar Soap","ALL","BAR SOAP-All-120GM-35%",20,2026-07-15,3,13.5142857142857,16.44,3.52,0.05,295.92,0,18,16.44,0,0,-3.56925170068027,-0.277315010570825
"D77","Bar Soap","RECKITT","Bar Soap","ALL","BAR SOAP-All-120GM-35%",20,2026-07-16,3,13.5142857142857,16.44,3.52,0.05,295.92,0,18,16.44,0,0,-3.56925170068027,-0.277315010570825
"D77","Bar Soap","RECKITT","Bar Soap","ALL","BAR SOAP-All-120GM-35%",20,2026-07-17,4,13.5142857142857,16.44,3.52,0.05,295.92,0,18,16.44,0,0,-3.56925170068027,-0.277315010570825
"D77","Bar Soap","RECKITT","Bar Soap","ALL","BAR SOAP-All-120GM-35%",20,2026-07-18,6,13.5142857142857,16.44,3.52,0.05,295.92,0,18,16.44,0,0,-3.56925170068027,-0.277315010570825
"D77","Bar Soap","RECKITT","Bar Soap","ALL","BAR SOAP-All-120GM-35%",20,2026-07-19,4,13.5142857142857,16.44,3.52,0.05,295.92,0,18,16.44,0,0,-3.56925170068027,-0.277315010570825
"D77","Bar Soap","RECKITT","Bar Soap","ALL","BAR SOAP-All-120GM-35%",20,2026-07-20,3,13.5142857142857,16.44,3.52,0.05,295.92,0,18,16.44,0,0,-3.56925170068027,-0.277315010570825
"D77","Bar Soap","RECKITT","Bar Soap","ALL","BAR SOAP-All-120GM-35%",20,2026-07-21,3,13.5142857142857,16.44,3.52,0.05,295.92,0,18,16.44,0,0,-3.56925170068027,-0.277315010570825
"D77","Bar Soap","RECKITT","Bar Soap","ALL","BAR SOAP-All-120GM-35%",21,2026-07-22,4,13.5142857142857,16.44,3.52,0.05,295.92,0,18,16.44,0,0,-3.56925170068027,-0.277315010570825
"D77","Bar Soap","RECKITT","Bar Soap","ALL","BAR SOAP-All-120GM-35%",21,2026-07-23,4,13.5142857142857,16.44,3.52,0.05,295.92,0,18,16.44,0,0,-3.56925170068027,-0.277315010570825
"D77","Bar Soap","RECKITT","Bar Soap","ALL","BAR SOAP-All-120GM-35%",21,2026-07-24,4,13.5142857142857,16.44,3.52,0.05,295.92,0,18,16.44,0,0,-3.56925170068027,-0.277315010570825
"D77","Bar Soap","RECKITT","Bar Soap","ALL","BAR SOAP-All-120GM-35%",21,2026-07-25,5,13.5142857142857,16.44,3.52,0.05,295.92,0,18,16.44,0,0,-3.56925170068027,-0.277315010570825
"D77","Bar Soap","RECKITT","Bar Soap","ALL","BAR SOAP-All-120GM-35%",21,2026-07-26,7,13.5142857142857,16.44,3.52,0.05,295.92,0,18,16.44,0,0,-3.56925170068027,-0.277315010570825
"D77","Bar Soap","RECKITT","Bar Soap","ALL","BAR SOAP-All-120GM-35%",21,2026-07-27,7,13.5142857142857,16.44,3.52,0.05,295.92,0,18,16.44,0,0,-3.56925170068027,-0.277315010570825
"D77","Bar Soap","RECKITT","Bar Soap","ALL","BAR SOAP-All-120GM-35%",21,2026-07-28,6,13.5142857142857,16.44,3.52,0.05,295.92,0,18,16.44,0,0,-3.56925170068027,-0.277315010570825
"D77","Bar Soap","RECKITT","Bar Soap","ALL","BAR SOAP-All-120GM-35%",21,2026-07-29,6,13.5142857142857,16.44,3.52,0.05,295.92,0,18,16.44,0,0,-3.56925170068027,-0.277315010570825
"D77","Bar Soap","RECKITT","Bar Soap","ALL","BAR SOAP-All-120GM-35%",21,2026-07-30,6,13.5142857142857,16.44,3.52,0.05,295.92,0,18,16.44,0,0,-3.56925170068027,-0.277315010570825
"D77","Bar Soap","RECKITT","Bar Soap","ALL","BAR SOAP-All-120GM-35%",21,2026-07-31,6,13.5142857142857,16.44,3.52,0.05,295.92,0,18,16.44,0,0,-3.56925170068027,-0.277315010570825
"D77","Bar Soap","RECKITT","Bar Soap","ALL","BAR SOAP-All-120GM-35%",22,2026-08-01,6,13.5142857142857,16.44,3.52,0.05,295.92,0,18,16.44,0,0,-3.56925170068027,-0.277315010570825
"D77","Bar Soap","RECKITT","Bar Soap","ALL","BAR SOAP-All-120GM-35%",22,2026-08-02,6,13.5142857142857,16.44,3.52,0.05,295.92,0,18,16.44,0,0,-3.56925170068027,-0.277315010570825
"D77","Bar Soap","RECKITT","Bar Soap","ALL","BAR SOAP-All-120GM-35%",22,2026-08-03,6,13.5142857142857,16.44,3.52,0.05,295.92,0,18,16.44,0,0,-3.56925170068027,-0.277315010570825
"D77","Bar Soap","RECKITT","Bar Soap","ALL","BAR SOAP-All-120GM-35%",22,2026-08-04,1,13.5142857142857,16.44,3.52,0.05,295.92,0,18,16.44,0,0,-3.56925170068027,-0.277315010570825
"D77","Bar Soap","RECKITT","Bar Soap","ALL","BAR SOAP-All-120GM-35%",22,2026-08-05,3,13.5142857142857,16.44,3.52,0.05,295.92,0,18,16.44,0,0,-3.56925170068027,-0.277315010570825
"D77","Bar Soap","RECKITT","Bar Soap","ALL","BAR SOAP-All-120GM-35%",22,2026-08-06,4,13.5142857142857,16.44,3.52,0.05,295.92,0,18,16.44,0,0,-3.56925170068027,-0.277315010570825
"D77","Bar Soap","RECKITT","Bar Soap","ALL","BAR SOAP-All-120GM-35%",22,2026-08-07,6,13.5142857142857,16.44,3.52,0.05,295.92,0,18,16.44,0,0,-3.56925170068027,-0.277315010570825
"D77","Bar Soap","RECKITT","Bar Soap","ALL","BAR SOAP-All-120GM-35%",22,2026-08-08,2,13.5142857142857,16.44,3.52,0.05,295.92,0,18,16.44,0,0,-3.56925170068027,-0.277315010570825
"D77","Bar Soap","RECKITT","Bar Soap","ALL","BAR SOAP-All-120GM-35%",22,2026-08-09,6,13.5142857142857,16.44,3.52,0.05,295.92,0,18,16.44,0,0,-3.56925170068027,-0.277315010570825
"D77","Bar Soap","RECKITT","Bar Soap","ALL","BAR SOAP-All-120GM-35%",22,2026-08-10,6,13.5142857142857,16.44,3.52,0.05,295.92,0,18,16.44,0,0,-3.56925170068027,-0.277315010570825
"D77","Bar Soap","RECKITT","Bar Soap","ALL","BAR SOAP-All-120GM-35%",23,2026-08-11,4,13.5142857142857,16.44,3.52,0.05,295.92,0,18,16.44,0,0,-3.56925170068027,-0.277315010570825
"D77","Bar Soap","RECKITT","Bar Soap","ALL","BAR SOAP-All-120GM-35%",23,2026-08-12,4,13.5142857142857,16.44,3.52,0.05,295.92,0,18,16.44,0,0,-3.56925170068027,-0.277315010570825
"D77","Bar Soap","RECKITT","Bar Soap","ALL","BAR SOAP-All-120GM-35%",23,2026-08-13,4,13.5142857142857,16.44,3.52,0.05,295.92,0,18,16.44,0,0,-3.56925170068027,-0.277315010570825
"D77","Bar Soap","RECKITT","Bar Soap","ALL","BAR SOAP-All-120GM-35%",23,2026-08-14,4,13.5142857142857,16.44,3.52,0.05,295.92,0,18,16.44,0,0,-3.56925170068027,-0.277315010570825
"D77","Bar Soap","RECKITT","Bar Soap","ALL","BAR SOAP-All-120GM-35%",23,2026-08-15,6,13.5142857142857,16.44,3.52,0.05,295.92,0,18,16.44,0,0,-3.56925170068027,-0.277315010570825
"D77","Bar Soap","RECKITT","Bar Soap","ALL","BAR SOAP-All-120GM-35%",23,2026-08-16,6,13.5142857142857,16.44,3.52,0.05,295.92,0,18,16.44,0,0,-3.56925170068027,-0.277315010570825
"D77","Bar Soap","RECKITT","Bar Soap","ALL","BAR SOAP-All-120GM-35%",23,2026-08-17,6,13.5142857142857,16.44,3.52,0.05,295.92,0,18,16.44,0,0,-3.56925170068027,-0.277315010570825
"D77","Bar Soap","RECKITT","Bar Soap","ALL","BAR SOAP-All-120GM-35%",23,2026-08-18,6,13.5142857142857,16.44,3.52,0.05,295.92,0,18,16.44,0,0,-3.56925170068027,-0.277315010570825
"D77","Bar Soap","RECKITT","Bar Soap","ALL","BAR SOAP-All-120GM-35%",23,2026-08-19,4,13.5142857142857,16.44,3.52,0.05,295.92,0,18,16.44,0,0,-3.56925170068027,-0.277315010570825
"D77","Bar Soap","RECKITT","Bar Soap","ALL","BAR SOAP-All-120GM-35%",23,2026-08-20,4,13.5142857142857,16.44,3.52,0.05,295.92,0,18,16.44,0,0,-3.56925170068027,-0.277315010570825
"D77","Bar Soap","RECKITT","Bar Soap","ALL","BAR SOAP-All-120GM-35%",23,2026-08-21,6,13.5142857142857,16.44,3.52,0.05,295.92,0,18,16.44,0,0,-3.56925170068027,-0.277315010570825
"D77","Bar Soap","RECKITT","Bar Soap","ALL","BAR SOAP-All-120GM-35%",24,2026-08-22,6,13.5142857142857,16.44,3.52,0.05,295.92,0,18,16.44,0,0,-3.56925170068027,-0.277315010570825
"D77","Bar Soap","RECKITT","Bar Soap","ALL","BAR SOAP-All-120GM-35%",24,2026-08-23,4,13.5142857142857,16.44,3.52,0.05,295.92,0,18,16.44,0,0,-3.56925170068027,-0.277315010570825
"D77","Bar Soap","RECKITT","Bar Soap","ALL","BAR SOAP-All-120GM-35%",24,2026-08-24,6,13.5142857142857,16.44,3.52,0.05,295.92,0,18,16.44,0,0,-3.56925170068027,-0.277315010570825
"D77","Bar Soap","RECKITT","Bar Soap","ALL","BAR SOAP-All-120GM-35%",24,2026-08-25,6,13.5142857142857,16.44,3.52,0.05,295.92,0,18,16.44,0,0,-3.56925170068027,-0.277315010570825
"D77","Bar Soap","RECKITT","Bar Soap","ALL","BAR SOAP-All-120GM-35%",24,2026-08-26,4,13.5142857142857,16.44,3.52,0.05,295.92,0,18,16.44,0,0,-3.56925170068027,-0.277315010570825
"D77","Bar Soap","RECKITT","Bar Soap","ALL","BAR SOAP-All-120GM-35%",24,2026-08-27,6,13.5142857142857,16.44,3.52,0.05,295.92,0,18,16.44,0,0,-3.56925170068027,-0.277315010570825
"D77","Bar Soap","RECKITT","Bar Soap","ALL","BAR SOAP-All-120GM-35%",24,2026-08-28,6,13.5142857142857,16.44,3.52,0.05,295.92,0,18,16.44,0,0,-3.56925170068027,-0.277315010570825
"D77","Bar Soap","RECKITT","Bar Soap","ALL","BAR SOAP-All-120GM-35%",24,2026-08-29,6,13.5142857142857,16.44,3.52,0.05,295.92,0,18,16.44,0,0,-3.56925170068027,-0.277315010570825
"D77","Bar Soap","RECKITT","Bar Soap","ALL","BAR SOAP-All-120GM-35%",24,2026-08-30,6,13.5142857142857,16.44,3.52,0.05,295.92,0,18,16.44,0,0,-3.56925170068027,-0.277315010570825
"D77","Bar Soap","RECKITT","Bar Soap","ALL","BAR SOAP-All-120GM-35%",24,2026-08-31,6,13.5142857142857,16.44,3.52,0.05,295.92,0,18,16.44,0,0,-3.56925170068027,-0.277315010570825
"D77","Bar Soap","RECKITT","Bar Soap","ALL","BAR SOAP-All-120GM-35%",24,2026-09-01,6,13.5142857142857,16.44,3.52,0.05,295.92,0,18,16.44,0,0,-3.56925170068027,-0.277315010570825
"D77","Bar Soap","RECKITT","Bar Soap","ALL","BAR SOAP-All-120GM-35%",25,2026-09-02,4,13.5142857142857,16.44,3.52,0.05,295.92,0,18,16.44,0,0,-3.56925170068027,-0.277315010570825
"D77","Bar Soap","RECKITT","Bar Soap","ALL","BAR SOAP-All-120GM-35%",25,2026-09-03,6,13.5142857142857,16.44,3.52,0.05,295.92,0,18,16.44,0,0,-3.56925170068027,-0.277315010570825
"D77","Bar Soap","RECKITT","Bar Soap","ALL","BAR SOAP-All-120GM-35%",25,2026-09-04,4,13.5142857142857,16.44,3.52,0.05,295.92,0,18,16.44,0,0,-3.56925170068027,-0.277315010570825
"D77","Bar Soap","RECKITT","Bar Soap","ALL","BAR SOAP-All-120GM-35%",25,2026-09-05,6,13.5142857142857,16.44,3.52,0.05,295.92,0,18,16.44,0,0,-3.56925170068027,-0.277315010570825
"D77","Bar Soap","RECKITT","Bar Soap","ALL","BAR SOAP-All-120GM-35%",25,2026-09-06,6,13.5142857142857,16.44,3.52,0.05,295.92,0,18,16.44,0,0,-3.56925170068027,-0.277315010570825
"D77","Bar Soap","RECKITT","Bar Soap","ALL","BAR SOAP-All-120GM-35%",25,2026-09-07,6,13.5142857142857,16.44,3.52,0.05,295.92,0,18,16.44,0,0,-3.56925170068027,-0.277315010570825
"D77","Bar Soap","RECKITT","Bar Soap","ALL","BAR SOAP-All-120GM-35%",25,2026-09-08,4,13.5142857142857,16.44,3.52,0.05,295.92,0,18,16.44,0,0,-3.56925170068027,-0.277315010570825
"D77","Bar Soap","RECKITT","Bar Soap","ALL","BAR SOAP-All-120GM-35%",25,2026-09-09,4,13.5142857142857,16.44,3.52,0.05,295.92,0,18,16.44,0,0,-3.56925170068027,-0.277315010570825
"D77","Bar Soap","RECKITT","Bar Soap","ALL","BAR SOAP-All-120GM-35%",25,2026-09-10,6,13.5142857142857,16.44,3.52,0.05,295.92,0,18,16.44,0,0,-3.56925170068027,-0.277315010570825
"D77","Bar Soap","RECKITT","Bar Soap","ALL","BAR SOAP-All-120GM-35%",25,2026-09-11,4,13.5142857142857,16.44,3.52,0.05,295.92,0,18,16.44,0,0,-3.56925170068027,-0.277315010570825
"D77","Bar Soap","RECKITT","Bar Soap","ALL","BAR SOAP-All-120GM-35%",26,2026-09-12,2,13.5142857142857,16.44,3.52,0.05,295.92,0,18,16.44,0,0,-3.56925170068027,-0.277315010570825
"D77","Bar Soap","RECKITT","Bar Soap","ALL","BAR SOAP-All-120GM-35%",26,2026-09-13,4,13.5142857142857,16.44,3.52,0.05,295.92,0,18,16.44,0,0,-3.56925170068027,-0.277315010570825
"D77","Bar Soap","RECKITT","Bar Soap","ALL","BAR SOAP-All-120GM-35%",26,2026-09-14,4,13.5142857142857,16.44,3.52,0.05,295.92,0,18,16.44,0,0,-3.56925170068027,-0.277315010570825
"D77","Bar Soap","RECKITT","Bar Soap","ALL","BAR SOAP-All-120GM-35%",26,2026-09-15,1,13.5142857142857,16.44,3.52,0.05,295.92,0,18,16.44,0,0,-3.56925170068027,-0.277315010570825
"D77","Bar Soap","RECKITT","Bar Soap","ALL","BAR SOAP-All-120GM-35%",26,2026-09-16,1,13.5142857142857,16.44,3.52,0.05,295.92,0,18,16.44,0,0,-3.56925170068027,-0.277315010570825
"D77","Bar Soap","RECKITT","Bar Soap","ALL","BAR SOAP-All-120GM-35%",26,2026-09-17,1,13.5142857142857,16.44,3.52,0.05,295.92,0,18,16.44,0,0,-3.56925170068027,-0.277315010570825
"D77","Bar Soap","RECKITT","Bar Soap","ALL","BAR SOAP-All-120GM-35%",26,2026-09-18,1,13.5142857142857,16.44,3.52,0.05,295.92,0,18,16.44,0,0,-3.56925170068027,-0.277315010570825
"D77","Bar Soap","RECKITT","Bar Soap","ALL","BAR SOAP-All-120GM-35%",26,2026-09-19,4,13.5142857142857,16.44,3.52,0.05,295.92,0,18,16.44,0,0,-3.56925170068027,-0.277315010570825
"D77","Bar Soap","RECKITT","Bar Soap","ALL","BAR SOAP-All-120GM-35%",26,2026-09-20,4,13.5142857142857,16.44,3.52,0.05,295.92,0,18,16.44,0,0,-3.56925170068027,-0.277315010570825
"D77","Bar Soap","RECKITT","Bar Soap","ALL","BAR SOAP-All-120GM-35%",26,2026-09-21,6,13.5142857142857,16.44,3.52,0.05,295.92,0,18,16.44,0,0,-3.56925170068027,-0.277315010570825
"D77","Bar Soap","RECKITT","Bar Soap","ALL","BAR SOAP-All-120GM-35%",26,2026-09-22,2,13.5142857142857,16.44,3.52,0.05,295.92,0,18,16.44,0,0,-3.56925170068027,-0.277315010570825
"D77","Bar Soap","RECKITT","Bar Soap","ALL","BAR SOAP-All-120GM-35%",27,2026-09-23,3,13.5142857142857,16.44,3.52,0.05,295.92,0,18,16.44,0,0,-3.56925170068027,-0.277315010570825
"D77","Bar Soap","RECKITT","Bar Soap","ALL","BAR SOAP-All-120GM-35%",27,2026-09-24,4,13.5142857142857,16.44,3.52,0.05,295.92,0,18,16.44,0,0,-3.56925170068027,-0.277315010570825
"D77","Bar Soap","RECKITT","Bar Soap","ALL","BAR SOAP-All-120GM-35%",27,2026-09-25,4,13.5142857142857,16.44,3.52,0.05,295.92,0,18,16.44,0,0,-3.56925170068027,-0.277315010570825
"D77","Bar Soap","RECKITT","Bar Soap","ALL","BAR SOAP-All-120GM-35%",27,2026-09-26,4,13.5142857142857,16.44,3.52,0.05,295.92,0,18,16.44,0,0,-3.56925170068027,-0.277315010570825
"D77","Bar Soap","RECKITT","Bar Soap","ALL","BAR SOAP-All-120GM-35%",27,2026-09-27,4,13.5142857142857,16.44,3.52,0.05,295.92,0,18,16.44,0,0,-3.56925170068027,-0.277315010570825
"D77","Bar Soap","RECKITT","Bar Soap","ALL","BAR SOAP-All-120GM-35%",27,2026-09-28,4,13.5142857142857,16.44,3.52,0.05,295.92,0,18,16.44,0,0,-3.56925170068027,-0.277315010570825
"D77","Bar Soap","RECKITT","Bar Soap","ALL","BAR SOAP-All-120GM-35%",27,2026-09-29,4,13.5142857142857,16.44,3.52,0.05,295.92,0,18,16.44,0,0,-3.56925170068027,-0.277315010570825
"D77","Bar Soap","RECKITT","Bar Soap","ALL","BAR SOAP-All-120GM-35%",27,2026-09-30,4,13.5142857142857,16.44,3.52,0.05,295.92,0,18,16.44,0,0,-3.56925170068027,-0.277315010570825
"D77","Bar Soap","RECKITT","Bar Soap","ALL","BAR SOAP-All-120GM-35%",27,2026-10-01,4,13.5142857142857,16.44,3.52,0.05,295.92,0,18,16.44,0,0,-3.56925170068027,-0.277315010570825
"D77","Bar Soap","RECKITT","Bar Soap","ALL","BAR SOAP-All-120GM-35%",27,2026-10-02,4,13.5142857142857,16.44,3.52,0.05,295.92,0,18,16.44,0,0,-3.56925170068027,-0.277315010570825
"D77","Bar Soap","RECKITT","Bar Soap","ALL","BAR SOAP-All-120GM-35%",28,2026-10-03,4,13.5142857142857,16.44,3.52,0.05,295.92,0,18,16.44,0,0,-3.56925170068027,-0.277315010570825
"D77","Bar Soap","RECKITT","Bar Soap","ALL","BAR SOAP-All-120GM-35%",28,2026-10-04,4,13.5142857142857,16.44,3.52,0.05,295.92,0,18,16.44,0,0,-3.56925170068027,-0.277315010570825
"D77","Bar Soap","RECKITT","Bar Soap","ALL","BAR SOAP-All-120GM-35%",28,2026-10-05,4,13.5142857142857,16.44,3.52,0.05,295.92,0,18,16.44,0,0,-3.56925170068027,-0.277315010570825
"D77","Bar Soap","RECKITT","Bar Soap","ALL","BAR SOAP-All-120GM-35%",28,2026-10-06,4,13.5142857142857,16.44,3.52,0.05,295.92,0,18,16.44,0,0,-3.56925170068027,-0.277315010570825
"D77","Bar Soap","RECKITT","Bar Soap","ALL","BAR SOAP-All-120GM-35%",28,2026-10-07,3,13.5142857142857,16.44,3.52,0.05,295.92,0,18,16.44,0,0,-3.56925170068027,-0.277315010570825
"D77","Bar Soap","RECKITT","Bar Soap","ALL","BAR SOAP-All-120GM-35%",28,2026-10-08,4,13.5142857142857,16.44,3.52,0.05,295.92,0,18,16.44,0,0,-3.56925170068027,-0.277315010570825
"D77","Bar Soap","RECKITT","Bar Soap","ALL","BAR SOAP-All-120GM-35%",28,2026-10-09,4,13.5142857142857,16.44,3.52,0.05,295.92,0,18,16.44,0,0,-3.56925170068027,-0.277315010570825
"D77","Bar Soap","RECKITT","Bar Soap","ALL","BAR SOAP-All-120GM-35%",28,2026-10-10,4,13.5142857142857,16.44,3.52,0.05,295.92,0,18,16.44,0,0,-3.56925170068027,-0.277315010570825
"D77","Bar Soap","RECKITT","Bar Soap","ALL","BAR SOAP-All-120GM-35%",28,2026-10-11,4,13.5142857142857,16.44,3.52,0.05,295.92,0,18,16.44,0,0,-3.56925170068027,-0.277315010570825
"D77","Bar Soap","RECKITT","Bar Soap","ALL","BAR SOAP-All-120GM-35%",28,2026-10-12,4,13.5142857142857,16.44,3.52,0.05,295.92,0,18,16.44,0,0,-3.56925170068027,-0.277315010570825
"D77","Bar Soap","RECKITT","Bar Soap","ALL","BAR SOAP-All-120GM-35%",28,2026-10-13,4,13.5142857142857,16.44,3.52,0.05,295.92,0,18,16.44,0,0,-3.56925170068027,-0.277315010570825
"D77","Bar Soap","RECKITT","Bar Soap","ALL","BAR SOAP-All-120GM-35%",29,2026-10-14,4,13.5142857142857,16.44,3.52,0.05,295.92,0,18,16.44,0,0,-3.56925170068027,-0.277315010570825
"D77","Bar Soap","RECKITT","Bar Soap","ALL","BAR SOAP-All-120GM-35%",29,2026-10-15,4,13.5142857142857,16.44,3.52,0.05,295.92,0,18,16.44,0,0,-3.56925170068027,-0.277315010570825
"D77","Bar Soap","RECKITT","Bar Soap","ALL","BAR SOAP-All-120GM-35%",29,2026-10-16,4,13.5142857142857,16.44,3.52,0.05,295.92,0,18,16.44,0,0,-3.56925170068027,-0.277315010570825
"D77","Bar Soap","RECKITT","Bar Soap","ALL","BAR SOAP-All-120GM-35%",29,2026-10-17,4,13.5142857142857,16.44,3.52,0.05,295.92,0,18,16.44,0,0,-3.56925170068027,-0.277315010570825
"D77","Bar Soap","RECKITT","Bar Soap","ALL","BAR SOAP-All-120GM-35%",29,2026-10-18,4,13.5142857142857,16.44,3.52,0.05,295.92,0,18,16.44,0,0,-3.56925170068027,-0.277315010570825
"D77","Bar Soap","RECKITT","Bar Soap","ALL","BAR SOAP-All-120GM-35%",29,2026-10-19,4,13.5142857142857,16.44,3.52,0.05,295.92,0,18,16.44,0,0,-3.56925170068027,-0.277315010570825
"D77","Bar Soap","RECKITT","Bar Soap","ALL","BAR SOAP-All-120GM-35%",29,2026-10-20,4,13.5142857142857,16.44,3.52,0.05,295.92,0,18,16.44,0,0,-3.56925170068027,-0.277315010570825
"D77","Bar Soap","RECKITT","Bar Soap","ALL","BAR SOAP-All-120GM-35%",29,2026-10-21,4,13.5142857142857,16.44,3.52,0.05,295.92,0,18,16.44,0,0,-3.56925170068027,-0.277315010570825
"D77","Bar Soap","RECKITT","Bar Soap","ALL","BAR SOAP-All-120GM-35%",29,2026-10-22,4,13.5142857142857,16.44,3.52,0.05,295.92,0,18,16.44,0,0,-3.56925170068027,-0.277315010570825
"D77","Bar Soap","RECKITT","Bar Soap","ALL","BAR SOAP-All-120GM-35%",29,2026-10-23,4,13.5142857142857,16.44,3.52,0.05,295.92,0,18,16.44,0,0,-3.56925170068027,-0.277315010570825
"D77","Bar Soap","RECKITT","Bar Soap","ALL","BAR SOAP-All-120GM-35%",30,2026-10-24,4,13.5142857142857,16.44,3.52,0.05,295.92,0,18,16.44,0,0,-3.56925170068027,-0.277315010570825
"D77","Bar Soap","RECKITT","Bar Soap","ALL","BAR SOAP-All-120GM-35%",30,2026-10-25,3,13.5142857142857,16.44,3.52,0.05,295.92,0,18,16.44,0,0,-3.56925170068027,-0.277315010570825
"D77","Bar Soap","RECKITT","Bar Soap","ALL","BAR SOAP-All-120GM-35%",30,2026-10-26,4,13.5142857142857,16.44,3.52,0.05,295.92,0,18,16.44,0,0,-3.56925170068027,-0.277315010570825
"D77","Bar Soap","RECKITT","Bar Soap","ALL","BAR SOAP-All-120GM-35%",30,2026-10-27,3,13.5142857142857,16.44,3.52,0.05,295.92,0,18,16.44,0,0,-3.56925170068027,-0.277315010570825
"D77","Bar Soap","RECKITT","Bar Soap","ALL","BAR SOAP-All-120GM-35%",30,2026-10-28,3,13.5142857142857,16.44,3.52,0.05,295.92,0,18,16.44,0,0,-3.56925170068027,-0.277315010570825
"D77","Bar Soap","RECKITT","Bar Soap","ALL","BAR SOAP-All-120GM-35%",30,2026-10-29,4,13.5142857142857,16.44,3.52,0.05,295.92,0,18,16.44,0,0,-3.56925170068027,-0.277315010570825
"D77","Bar Soap","RECKITT","Bar Soap","ALL","BAR SOAP-All-120GM-35%",30,2026-10-30,4,13.5142857142857,16.44,3.52,0.05,295.92,0,18,16.44,0,0,-3.56925170068027,-0.277315010570825
"D77","Bar Soap","RECKITT","Bar Soap","ALL","BAR SOAP-All-120GM-35%",30,2026-10-31,3,13.5142857142857,16.44,3.52,0.05,295.92,0,18,16.44,0,0,-3.56925170068027,-0.277315010570825
"D77","Bar Soap","RECKITT","Bar Soap","ALL","BAR SOAP-All-120GM-35%",30,2026-11-01,3,13.5142857142857,16.44,3.52,0.05,295.92,0,18,16.44,0,0,-3.56925170068027,-0.277315010570825
"D77","Bar Soap","RECKITT","Bar Soap","ALL","BAR SOAP-All-120GM-35%",30,2026-11-02,4,13.5142857142857,16.44,3.52,0.05,295.92,0,18,16.44,0,0,-3.56925170068027,-0.277315010570825
"D77","Bar Soap","RECKITT","Bar Soap","ALL","BAR SOAP-All-120GM-35%",30,2026-11-03,1,13.5142857142857,16.44,3.52,0.05,295.92,0,18,16.44,0,0,-3.56925170068027,-0.277315010570825
"D77","Bar Soap","RECKITT","Bar Soap","ALL","BAR SOAP-All-120GM-35%",31,2026-11-04,1,13.5142857142857,16.44,3.52,0.05,295.92,0,18,16.44,0,0,-3.56925170068027,-0.277315010570825
"D77","Bar Soap","RECKITT","Bar Soap","ALL","BAR SOAP-All-120GM-35%",31,2026-11-05,1,13.5142857142857,16.44,3.52,0.05,295.92,0,18,16.44,0,0,-3.56925170068027,-0.277315010570825
"D77","Bar Soap","RECKITT","Bar Soap","ALL","BAR SOAP-All-120GM-35%",31,2026-11-06,1,13.5142857142857,16.44,3.52,0.05,295.92,0,18,16.44,0,0,-3.56925170068027,-0.277315010570825
"D77","Bar Soap","RECKITT","Bar Soap","ALL","BAR SOAP-All-120GM-35%",31,2026-11-07,1,13.5142857142857,16.44,3.52,0.05,295.92,0,18,16.44,0,0,-3.56925170068027,-0.277315010570825
"D77","Bar Soap","RECKITT","Bar Soap","ALL","BAR SOAP-All-120GM-35%",31,2026-11-08,2,13.5142857142857,16.44,3.52,0.05,295.92,0,18,16.44,0,0,-3.56925170068027,-0.277315010570825
"D77","Bar Soap","RECKITT","Bar Soap","ALL","BAR SOAP-All-120GM-35%",31,2026-11-09,2,13.5142857142857,16.44,3.52,0.05,295.92,0,18,16.44,0,0,-3.56925170068027,-0.277315010570825
"D77","Bar Soap","RECKITT","Bar Soap","ALL","BAR SOAP-All-120GM-35%",31,2026-11-10,2,13.5142857142857,16.44,3.52,0.05,295.92,0,18,16.44,0,0,-3.56925170068027,-0.277315010570825
"D77","Bar Soap","RECKITT","Bar Soap","ALL","BAR SOAP-All-120GM-35%",31,2026-11-11,2,13.5142857142857,16.44,3.52,0.05,295.92,0,18,16.44,0,0,-3.56925170068027,-0.277315010570825
"D77","Bar Soap","RECKITT","Bar Soap","ALL","BAR SOAP-All-120GM-35%",31,2026-11-12,3,13.5142857142857,16.44,3.52,0.05,295.92,0,18,16.44,0,0,-3.56925170068027,-0.277315010570825
"D77","Bar Soap","RECKITT","Bar Soap","ALL","BAR SOAP-All-120GM-35%",31,2026-11-13,3,13.5142857142857,16.44,3.52,0.05,295.92,0,18,16.44,0,0,-3.56925170068027,-0.277315010570825
"D77","Bar Soap","RECKITT","Bar Soap","ALL","BAR SOAP-All-120GM-35%",32,2026-11-14,6,13.5142857142857,16.44,3.52,0.05,295.92,0,18,16.44,0,0,-3.56925170068027,-0.277315010570825
"D77","Bar Soap","RECKITT","Bar Soap","ALL","BAR SOAP-All-120GM-35%",32,2026-11-15,6,13.5142857142857,16.44,3.52,0.05,295.92,0,18,16.44,0,0,-3.56925170068027,-0.277315010570825
"D77","Bar Soap","RECKITT","Bar Soap","ALL","BAR SOAP-All-120GM-35%",32,2026-11-16,6,13.5142857142857,16.44,3.52,0.05,295.92,0,18,16.44,0,0,-3.56925170068027,-0.277315010570825
"D77","Bar Soap","RECKITT","Bar Soap","ALL","BAR SOAP-All-120GM-35%",32,2026-11-17,6,13.5142857142857,16.44,3.52,0.05,295.92,0,18,16.44,0,0,-3.56925170068027,-0.277315010570825
"D77","Bar Soap","RECKITT","Bar Soap","ALL","BAR SOAP-All-120GM-35%",32,2026-11-18,4,13.5142857142857,16.44,3.52,0.05,295.92,0,18,16.44,0,0,-3.56925170068027,-0.277315010570825
"D77","Bar Soap","RECKITT","Bar Soap","ALL","BAR SOAP-All-120GM-35%",32,2026-11-19,6,13.5142857142857,16.44,3.52,0.05,295.92,0,18,16.44,0,0,-3.56925170068027,-0.277315010570825
"D77","Bar Soap","RECKITT","Bar Soap","ALL","BAR SOAP-All-120GM-35%",32,2026-11-20,6,13.5142857142857,16.44,3.52,0.05,295.92,0,18,16.44,0,0,-3.56925170068027,-0.277315010570825
"D77","Bar Soap","RECKITT","Bar Soap","ALL","BAR SOAP-All-120GM-35%",32,2026-11-21,6,13.5142857142857,16.44,3.52,0.05,295.92,0,18,16.44,0,0,-3.56925170068027,-0.277315010570825
"D77","Bar Soap","RECKITT","Bar Soap","ALL","BAR SOAP-All-120GM-35%",32,2026-11-22,6,13.5142857142857,16.44,3.52,0.05,295.92,0,18,16.44,0,0,-3.56925170068027,-0.277315010570825
"D77","Bar Soap","RECKITT","Bar Soap","ALL","BAR SOAP-All-120GM-35%",32,2026-11-23,6,13.5142857142857,16.44,3.52,0.05,295.92,0,18,16.44,0,0,-3.56925170068027,-0.277315010570825
"D77","Bar Soap","RECKITT","Bar Soap","ALL","BAR SOAP-All-120GM-35%",32,2026-11-24,4,13.5142857142857,16.44,3.52,0.05,295.92,0,18,16.44,0,0,-3.56925170068027,-0.277315010570825
"D77","Bar Soap","RECKITT","Bar Soap","ALL","BAR SOAP-All-120GM-35%",33,2026-11-25,3,13.5142857142857,16.44,3.52,0.05,295.92,0,18,16.44,0,0,-3.56925170068027,-0.277315010570825
"D77","Bar Soap","RECKITT","Bar Soap","ALL","BAR SOAP-All-120GM-35%",33,2026-11-26,4,13.5142857142857,16.44,3.52,0.05,295.92,0,18,16.44,0,0,-3.56925170068027,-0.277315010570825
"D77","Bar Soap","RECKITT","Bar Soap","ALL","BAR SOAP-All-120GM-35%",33,2026-11-27,5,13.5142857142857,16.44,3.52,0.05,295.92,0,18,16.44,0,0,-3.56925170068027,-0.277315010570825
"D77","Bar Soap","RECKITT","Bar Soap","ALL","BAR SOAP-All-120GM-35%",33,2026-11-28,2,13.5142857142857,16.44,3.52,0.05,295.92,0,18,16.44,0,0,-3.56925170068027,-0.277315010570825
"D77","Bar Soap","RECKITT","Bar Soap","ALL","BAR SOAP-All-120GM-35%",33,2026-11-29,4,13.5142857142857,16.44,3.52,0.05,295.92,0,18,16.44,0,0,-3.56925170068027,-0.277315010570825
"D77","Bar Soap","RECKITT","Bar Soap","ALL","BAR SOAP-All-120GM-35%",33,2026-11-30,4,13.5142857142857,16.44,3.52,0.05,295.92,0,18,16.44,0,0,-3.56925170068027,-0.277315010570825
"D77","Bar Soap","RECKITT","Bar Soap","ALL","BAR SOAP-All-120GM-35%",33,2026-12-01,4,13.5142857142857,16.44,3.52,0.05,295.92,0,18,16.44,0,0,-3.56925170068027,-0.277315010570825
"D77","Bar Soap","RECKITT","Bar Soap","ALL","BAR SOAP-All-120GM-35%",33,2026-12-02,4,13.5142857142857,16.44,3.52,0.05,295.92,0,18,16.44,0,0,-3.56925170068027,-0.277315010570825
"D77","Bar Soap","RECKITT","Bar Soap","ALL","BAR SOAP-All-120GM-35%",33,2026-12-03,4,13.5142857142857,16.44,3.52,0.05,295.92,0,18,16.44,0,0,-3.56925170068027,-0.277315010570825
"D77","Bar Soap","RECKITT","Bar Soap","ALL","BAR SOAP-All-120GM-35%",33,2026-12-04,4,13.5142857142857,16.44,3.52,0.05,295.92,0,18,16.44,0,0,-3.56925170068027,-0.277315010570825
"D77","Bar Soap","RECKITT","Bar Soap","ALL","BAR SOAP-All-120GM-35%",34,2026-12-05,4,13.5142857142857,16.44,3.52,0.05,295.92,0,18,16.44,0,0,-3.56925170068027,-0.277315010570825
"D77","Bar Soap","RECKITT","Bar Soap","ALL","BAR SOAP-All-120GM-35%",34,2026-12-06,4,13.5142857142857,16.44,3.52,0.05,295.92,0,18,16.44,0,0,-3.56925170068027,-0.277315010570825
"D77","Bar Soap","RECKITT","Bar Soap","ALL","BAR SOAP-All-120GM-35%",34,2026-12-07,4,13.5142857142857,16.44,3.52,0.05,295.92,0,18,16.44,0,0,-3.56925170068027,-0.277315010570825
"D77","Bar Soap","RECKITT","Bar Soap","ALL","BAR SOAP-All-120GM-35%",34,2026-12-08,4,13.5142857142857,16.44,3.52,0.05,295.92,0,18,16.44,0,0,-3.56925170068027,-0.277315010570825
"D77","Bar Soap","RECKITT","Bar Soap","ALL","BAR SOAP-All-120GM-35%",34,2026-12-09,4,13.5142857142857,16.44,3.52,0.05,295.92,0,18,16.44,0,0,-3.56925170068027,-0.277315010570825
"D77","Bar Soap","RECKITT","Bar Soap","ALL","BAR SOAP-All-120GM-35%",34,2026-12-10,4,13.5142857142857,16.44,3.52,0.05,295.92,0,18,16.44,0,0,-3.56925170068027,-0.277315010570825
"D77","Bar Soap","RECKITT","Bar Soap","ALL","BAR SOAP-All-120GM-35%",34,2026-12-11,4,13.5142857142857,16.44,3.52,0.05,295.92,0,18,16.44,0,0,-3.56925170068027,-0.277315010570825
"D77","Bar Soap","RECKITT","Bar Soap","ALL","BAR SOAP-All-120GM-35%",34,2026-12-12,4,13.5142857142857,16.44,3.52,0.05,295.92,0,18,16.44,0,0,-3.56925170068027,-0.277315010570825
"D77","Bar Soap","RECKITT","Bar Soap","ALL","BAR SOAP-All-120GM-35%",34,2026-12-13,4,13.5142857142857,16.44,3.52,0.05,295.92,0,18,16.44,0,0,-3.56925170068027,-0.277315010570825
"D77","Bar Soap","RECKITT","Bar Soap","ALL","BAR SOAP-All-120GM-35%",34,2026-12-14,4,13.5142857142857,16.44,3.52,0.05,295.92,0,18,16.44,0,0,-3.56925170068027,-0.277315010570825
"D77","Bar Soap","RECKITT","Bar Soap","ALL","BAR SOAP-All-120GM-35%",34,2026-12-15,4,13.5142857142857,16.44,3.52,0.05,295.92,0,18,16.44,0,0,-3.56925170068027,-0.277315010570825
"D77","Bar Soap","RECKITT","Bar Soap","ALL","BAR SOAP-All-120GM-35%",35,2026-12-16,3,13.5142857142857,16.44,3.52,0.05,295.92,0,18,16.44,0,0,-3.56925170068027,-0.277315010570825
"D77","Bar Soap","RECKITT","Bar Soap","ALL","BAR SOAP-All-120GM-35%",35,2026-12-17,2,13.5142857142857,16.44,3.52,0.05,295.92,0,18,16.44,0,0,-3.56925170068027,-0.277315010570825
"D77","Bar Soap","RECKITT","Bar Soap","ALL","BAR SOAP-All-120GM-35%",35,2026-12-18,4,13.5142857142857,16.44,3.52,0.05,295.92,0,18,16.44,0,0,-3.56925170068027,-0.277315010570825
"D77","Bar Soap","RECKITT","Bar Soap","ALL","BAR SOAP-All-120GM-35%",35,2026-12-19,2,13.5142857142857,16.44,3.52,0.05,295.92,0,18,16.44,0,0,-3.56925170068027,-0.277315010570825
"D77","Bar Soap","RECKITT","Bar Soap","ALL","BAR SOAP-All-120GM-35%",35,2026-12-20,4,13.5142857142857,16.44,3.52,0.05,295.92,0,18,16.44,0,0,-3.56925170068027,-0.277315010570825
"D77","Bar Soap","RECKITT","Bar Soap","ALL","BAR SOAP-All-120GM-35%",35,2026-12-21,4,13.5142857142857,16.44,3.52,0.05,295.92,0,18,16.44,0,0,-3.56925170068027,-0.277315010570825
"D77","Bar Soap","RECKITT","Bar Soap","ALL","BAR SOAP-All-120GM-35%",35,2026-12-22,5,13.5142857142857,16.44,3.52,0.05,295.92,0,18,16.44,0,0,-3.56925170068027,-0.277315010570825
"D77","Bar Soap","RECKITT","Bar Soap","ALL","BAR SOAP-All-120GM-35%",35,2026-12-23,6,13.5142857142857,16.44,3.52,0.05,295.92,0,18,16.44,0,0,-3.56925170068027,-0.277315010570825
"D77","Bar Soap","RECKITT","Bar Soap","ALL","BAR SOAP-All-120GM-35%",35,2026-12-24,7,13.5142857142857,16.44,3.52,0.05,295.92,0,18,16.44,0,0,-3.56925170068027,-0.277315010570825
"D77","Bar Soap","RECKITT","Bar Soap","ALL","BAR SOAP-All-120GM-35%",35,2026-12-25,7,13.5142857142857,16.44,3.52,0.05,295.92,0,18,16.44,0,0,-3.56925170068027,-0.277315010570825
"D77","Bar Soap","RECKITT","Bar Soap","ALL","BAR SOAP-All-120GM-35%",36,2026-12-26,6,13.5142857142857,16.44,3.52,0.05,295.92,0,18,16.44,0,0,-3.56925170068027,-0.277315010570825
"D77","Bar Soap","RECKITT","Bar Soap","ALL","BAR SOAP-All-120GM-35%",36,2026-12-27,7,13.5142857142857,16.44,3.52,0.05,295.92,0,18,16.44,0,0,-3.56925170068027,-0.277315010570825
"D77","Bar Soap","RECKITT","Bar Soap","ALL","BAR SOAP-All-120GM-35%",36,2026-12-28,7,13.5142857142857,16.44,3.52,0.05,295.92,0,18,16.44,0,0,-3.56925170068027,-0.277315010570825
"D77","Bar Soap","RECKITT","Bar Soap","ALL","BAR SOAP-All-120GM-35%",36,2026-12-29,7,13.5142857142857,16.44,3.52,0.05,295.92,0,18,16.44,0,0,-3.56925170068027,-0.277315010570825
"D77","Bar Soap","RECKITT","Bar Soap","ALL","BAR SOAP-All-120GM-35%",36,2026-12-30,7,13.5142857142857,16.44,3.52,0.05,295.92,0,18,16.44,0,0,-3.56925170068027,-0.277315010570825
"D77","Bar Soap","RECKITT","Bar Soap","ALL","BAR SOAP-All-120GM-35%",36,2026-12-31,7,13.5142857142857,16.44,3.52,0.05,295.92,0,18,16.44,0,0,-3.56925170068027,-0.277315010570825
