"","PPG","SECTOR 2","TRADING COMPANY","PRODUCT RANGE","FORMAT","PPG_Description","Tesco_Week_No","Date","Base_Units","RSP_Unit","Net_Cost_Unit","COGS_Unit","VAT","BIP_Case","OID","No_Of_Units","STP_Unit","UNCR_Unit","OID_Unit","FM_Abs_Unit_1","FM%"
"1","D77","Bar Soap","RECKITT","Bar Soap","ALL","BAR SOAP-All-120GM-35%",1,2026-01-01,7,13.5142857142857,16.44,0.195718448170064,0.05,295.92,0,18,16.44,0,0,-3.56925170068027,-0.277315010570825
"2","D77","Bar Soap","RECKITT","Bar Soap","ALL","BAR SOAP-All-120GM-35%",1,2026-01-02,7,13.5142857142857,16.44,0.195718448170064,0.05,295.92,0,18,16.44,0,0,-3.56925170068027,-0.277315010570825
"3","D77","Bar Soap","RECKITT","Bar Soap","ALL","BAR SOAP-All-120GM-35%",1,2026-01-03,7,13.5142857142857,16.44,0.195718448170064,0.05,295.92,0,18,16.44,0,0,-3.56925170068027,-0.277315010570825
"4","D77","Bar Soap","RECKITT","Bar Soap","ALL","BAR SOAP-All-120GM-35%",1,2026-01-04,7,13.5142857142857,16.44,0.195718448170064,0.05,295.92,0,18,16.44,0,0,-3.56925170068027,-0.277315010570825
"5","D77","Bar Soap","RECKITT","Bar Soap","ALL","BAR SOAP-All-120GM-35%",1,2026-01-05,7,13.5142857142857,16.44,0.195718448170064,0.05,295.92,0,18,16.44,0,0,-3.56925170068027,-0.277315010570825
"6","D77","Bar Soap","RECKITT","Bar Soap","ALL","BAR SOAP-All-120GM-35%",2,2026-01-06,7,13.5142857142857,16.44,0.195718448170064,0.05,295.92,0,18,16.44,0,0,-3.56925170068027,-0.277315010570825
"7","D77","Bar Soap","RECKITT","Bar Soap","ALL","BAR SOAP-All-120GM-35%",2,2026-01-07,6,13.5142857142857,16.44,0.195718448170064,0.05,295.92,0,18,16.44,0,0,-3.56925170068027,-0.277315010570825
"8","D77","Bar Soap","RECKITT","Bar Soap","ALL","BAR SOAP-All-120GM-35%",2,2026-01-08,5,13.5142857142857,16.44,0.195718448170064,0.05,295.92,0,18,16.44,0,0,-3.56925170068027,-0.277315010570825
"9","D77","Bar Soap","RECKITT","Bar Soap","ALL","BAR SOAP-All-120GM-35%",2,2026-01-09,7,13.5142857142857,16.44,0.195718448170064,0.05,295.92,0,18,16.44,0,0,-3.56925170068027,-0.277315010570825
"10","D77","Bar Soap","RECKITT","Bar Soap","ALL","BAR SOAP-All-120GM-35%",2,2026-01-10,7,13.5142857142857,16.44,0.195718448170064,0.05,295.92,0,18,16.44,0,0,-3.56925170068027,-0.277315010570825
"11","D77","Bar Soap","RECKITT","Bar Soap","ALL","BAR SOAP-All-120GM-35%",2,2026-01-11,7,13.5142857142857,16.44,0.195718448170064,0.05,295.92,0,18,16.44,0,0,-3.56925170068027,-0.277315010570825
"12","D77","Bar Soap","RECKITT","Bar Soap","ALL","BAR SOAP-All-120GM-35%",2,2026-01-12,6,13.5142857142857,16.44,0.195718448170064,0.05,295.92,0,18,16.44,0,0,-3.56925170068027,-0.277315010570825
"13","D77","Bar Soap","RECKITT","Bar Soap","ALL","BAR SOAP-All-120GM-35%",2,2026-01-13,6,13.5142857142857,16.44,0.195718448170064,0.05,295.92,0,18,16.44,0,0,-3.56925170068027,-0.277315010570825
"14","D77","Bar Soap","RECKITT","Bar Soap","ALL","BAR SOAP-All-120GM-35%",2,2026-01-14,7,13.5142857142857,16.44,0.195718448170064,0.05,295.92,0,18,16.44,0,0,-3.56925170068027,-0.277315010570825
"15","D77","Bar Soap","RECKITT","Bar Soap","ALL","BAR SOAP-All-120GM-35%",3,2026-01-15,7,13.5142857142857,16.44,0.195718448170064,0.05,295.92,0,18,16.44,0,0,-3.56925170068027,-0.277315010570825
"16","D77","Bar Soap","RECKITT","Bar Soap","ALL","BAR SOAP-All-120GM-35%",3,2026-01-16,6,13.5142857142857,16.44,0.195718448170064,0.05,295.92,0,18,16.44,0,0,-3.56925170068027,-0.277315010570825
"17","D77","Bar Soap","RECKITT","Bar Soap","ALL","BAR SOAP-All-120GM-35%",3,2026-01-17,6,13.5142857142857,16.44,0.195718448170064,0.05,295.92,0,18,16.44,0,0,-3.56925170068027,-0.277315010570825
"18","D77","Bar Soap","RECKITT","Bar Soap","ALL","BAR SOAP-All-120GM-35%",3,2026-01-18,5,13.5142857142857,16.44,0.195718448170064,0.05,295.92,0,18,16.44,0,0,-3.56925170068027,-0.277315010570825
"19","D77","Bar Soap","RECKITT","Bar Soap","ALL","BAR SOAP-All-120GM-35%",3,2026-01-19,7,13.5142857142857,16.44,0.195718448170064,0.05,295.92,0,18,16.44,0,0,-3.56925170068027,-0.277315010570825
"20","D77","Bar Soap","RECKITT","Bar Soap","ALL","BAR SOAP-All-120GM-35%",3,2026-01-20,5,13.5142857142857,16.44,0.195718448170064,0.05,295.92,0,18,16.44,0,0,-3.56925170068027,-0.277315010570825
"21","D77","Bar Soap","RECKITT","Bar Soap","ALL","BAR SOAP-All-120GM-35%",3,2026-01-21,4,13.5142857142857,16.44,0.195718448170064,0.05,295.92,0,18,16.44,0,0,-3.56925170068027,-0.277315010570825
"22","D77","Bar Soap","RECKITT","Bar Soap","ALL","BAR SOAP-All-120GM-35%",3,2026-01-22,6,13.5142857142857,16.44,0.195718448170064,0.05,295.92,0,18,16.44,0,0,-3.56925170068027,-0.277315010570825
"23","D77","Bar Soap","RECKITT","Bar Soap","ALL","BAR SOAP-All-120GM-35%",3,2026-01-23,3,13.5142857142857,16.44,0.195718448170064,0.05,295.92,0,18,16.44,0,0,-3.56925170068027,-0.277315010570825
"24","D77","Bar Soap","RECKITT","Bar Soap","ALL","BAR SOAP-All-120GM-35%",3,2026-01-24,4,13.5142857142857,16.44,0.195718448170064,0.05,295.92,0,18,16.44,0,0,-3.56925170068027,-0.277315010570825
"25","D77","Bar Soap","RECKITT","Bar Soap","ALL","BAR SOAP-All-120GM-35%",3,2026-01-25,7,13.5142857142857,16.44,0.195718448170064,0.05,295.92,0,18,16.44,0,0,-3.56925170068027,-0.277315010570825
"26","D77","Bar Soap","RECKITT","Bar Soap","ALL","BAR SOAP-All-120GM-35%",3,2026-01-26,7,13.5142857142857,16.44,0.195718448170064,0.05,295.92,0,18,16.44,0,0,-3.56925170068027,-0.277315010570825
"27","D77","Bar Soap","RECKITT","Bar Soap","ALL","BAR SOAP-All-120GM-35%",4,2026-01-27,4,13.5142857142857,16.44,0.195718448170064,0.05,295.92,0,18,16.44,0,0,-3.56925170068027,-0.277315010570825
"28","D77","Bar Soap","RECKITT","Bar Soap","ALL","BAR SOAP-All-120GM-35%",4,2026-01-28,4,13.5142857142857,16.44,0.195718448170064,0.05,295.92,0,18,16.44,0,0,-3.56925170068027,-0.277315010570825
"29","D77","Bar Soap","RECKITT","Bar Soap","ALL","BAR SOAP-All-120GM-35%",4,2026-01-29,1,13.5142857142857,16.44,0.195718448170064,0.05,295.92,0,18,16.44,0,0,-3.56925170068027,-0.277315010570825
"30","D77","Bar Soap","RECKITT","Bar Soap","ALL","BAR SOAP-All-120GM-35%",4,2026-01-30,2,13.5142857142857,16.44,0.195718448170064,0.05,295.92,0,18,16.44,0,0,-3.56925170068027,-0.277315010570825
"31","D77","Bar Soap","RECKITT","Bar Soap","ALL","BAR SOAP-All-120GM-35%",4,2026-01-31,3,13.5142857142857,16.44,0.195718448170064,0.05,295.92,0,18,16.44,0,0,-3.56925170068027,-0.277315010570825
"32","D77","Bar Soap","RECKITT","Bar Soap","ALL","BAR SOAP-All-120GM-35%",4,2026-02-01,2,13.5142857142857,16.44,0.195718448170064,0.05,295.92,0,18,16.44,0,0,-3.56925170068027,-0.277315010570825
"33","D77","Bar Soap","RECKITT","Bar Soap","ALL","BAR SOAP-All-120GM-35%",4,2026-02-02,4,13.5142857142857,16.44,0.195718448170064,0.05,295.92,0,18,16.44,0,0,-3.56925170068027,-0.277315010570825
"34","D77","Bar Soap","RECKITT","Bar Soap","ALL","BAR SOAP-All-120GM-35%",4,2026-02-03,6,13.5142857142857,16.44,0.195718448170064,0.05,295.92,0,18,16.44,0,0,-3.56925170068027,-0.277315010570825
"35","D77","Bar Soap","RECKITT","Bar Soap","ALL","BAR SOAP-All-120GM-35%",4,2026-02-04,4,13.5142857142857,16.44,0.195718448170064,0.05,295.92,0,18,16.44,0,0,-3.56925170068027,-0.277315010570825
"36","D77","Bar Soap","RECKITT","Bar Soap","ALL","BAR SOAP-All-120GM-35%",4,2026-02-05,3,13.5142857142857,16.44,0.195718448170064,0.05,295.92,0,18,16.44,0,0,-3.56925170068027,-0.277315010570825
"37","D77","Bar Soap","RECKITT","Bar Soap","ALL","BAR SOAP-All-120GM-35%",5,2026-02-06,2,13.5142857142857,16.44,0.195718448170064,0.05,295.92,0,18,16.44,0,0,-3.56925170068027,-0.277315010570825
"38","D77","Bar Soap","RECKITT","Bar Soap","ALL","BAR SOAP-All-120GM-35%",5,2026-02-07,3,13.5142857142857,16.44,0.195718448170064,0.05,295.92,0,18,16.44,0,0,-3.56925170068027,-0.277315010570825
"39","D77","Bar Soap","RECKITT","Bar Soap","ALL","BAR SOAP-All-120GM-35%",5,2026-02-08,3,13.5142857142857,16.44,0.195718448170064,0.05,295.92,0,18,16.44,0,0,-3.56925170068027,-0.277315010570825
"40","D77","Bar Soap","RECKITT","Bar Soap","ALL","BAR SOAP-All-120GM-35%",5,2026-02-09,1,13.5142857142857,16.44,0.195718448170064,0.05,295.92,0,18,16.44,0,0,-3.56925170068027,-0.277315010570825
"41","D77","Bar Soap","RECKITT","Bar Soap","ALL","BAR SOAP-All-120GM-35%",5,2026-02-10,6,13.5142857142857,16.44,0.195718448170064,0.05,295.92,0,18,16.44,0,0,-3.56925170068027,-0.277315010570825
"42","D77","Bar Soap","RECKITT","Bar Soap","ALL","BAR SOAP-All-120GM-35%",5,2026-02-11,1,13.5142857142857,16.44,0.195718448170064,0.05,295.92,0,18,16.44,0,0,-3.56925170068027,-0.277315010570825
"43","D77","Bar Soap","RECKITT","Bar Soap","ALL","BAR SOAP-All-120GM-35%",5,2026-02-12,1,13.5142857142857,16.44,0.195718448170064,0.05,295.92,0,18,16.44,0,0,-3.56925170068027,-0.277315010570825
"44","D77","Bar Soap","RECKITT","Bar Soap","ALL","BAR SOAP-All-120GM-35%",5,2026-02-13,2,13.5142857142857,16.44,0.195718448170064,0.05,295.92,0,18,16.44,0,0,-3.56925170068027,-0.277315010570825
"45","D77","Bar Soap","RECKITT","Bar Soap","ALL","BAR SOAP-All-120GM-35%",5,2026-02-14,4,13.5142857142857,16.44,0.195718448170064,0.05,295.92,0,18,16.44,0,0,-3.56925170068027,-0.277315010570825
"46","D77","Bar Soap","RECKITT","Bar Soap","ALL","BAR SOAP-All-120GM-35%",5,2026-02-15,4,13.5142857142857,16.44,0.195718448170064,0.05,295.92,0,18,16.44,0,0,-3.56925170068027,-0.277315010570825
"47","D77","Bar Soap","RECKITT","Bar Soap","ALL","BAR SOAP-All-120GM-35%",5,2026-02-16,4,13.5142857142857,16.44,0.195718448170064,0.05,295.92,0,18,16.44,0,0,-3.56925170068027,-0.277315010570825
"48","D77","Bar Soap","RECKITT","Bar Soap","ALL","BAR SOAP-All-120GM-35%",5,2026-02-17,4,13.5142857142857,16.44,0.195718448170064,0.05,295.92,0,18,16.44,0,0,-3.56925170068027,-0.277315010570825
"49","D77","Bar Soap","RECKITT","Bar Soap","ALL","BAR SOAP-All-120GM-35%",5,2026-02-18,4,13.5142857142857,16.44,0.195718448170064,0.05,295.92,0,18,16.44,0,0,-3.56925170068027,-0.277315010570825
"50","D77","Bar Soap","RECKITT","Bar Soap","ALL","BAR SOAP-All-120GM-35%",5,2026-02-19,5,13.5142857142857,16.44,0.195718448170064,0.05,295.92,0,18,16.44,0,0,-3.56925170068027,-0.277315010570825
"51","D77","Bar Soap","RECKITT","Bar Soap","ALL","BAR SOAP-All-120GM-35%",6,2026-02-20,4,13.5142857142857,16.44,0.195718448170064,0.05,295.92,0,18,16.44,0,0,-3.56925170068027,-0.277315010570825
"52","D77","Bar Soap","RECKITT","Bar Soap","ALL","BAR SOAP-All-120GM-35%",6,2026-02-21,4,13.5142857142857,16.44,0.195718448170064,0.05,295.92,0,18,16.44,0,0,-3.56925170068027,-0.277315010570825
"53","D77","Bar Soap","RECKITT","Bar Soap","ALL","BAR SOAP-All-120GM-35%",6,2026-02-22,4,13.5142857142857,16.44,0.195718448170064,0.05,295.92,0,18,16.44,0,0,-3.56925170068027,-0.277315010570825
"54","D77","Bar Soap","RECKITT","Bar Soap","ALL","BAR SOAP-All-120GM-35%",6,2026-02-23,6,13.5142857142857,16.44,0.195718448170064,0.05,295.92,0,18,16.44,0,0,-3.56925170068027,-0.277315010570825
"55","D77","Bar Soap","RECKITT","Bar Soap","ALL","BAR SOAP-All-120GM-35%",6,2026-02-24,6,13.5142857142857,16.44,0.195718448170064,0.05,295.92,0,18,16.44,0,0,-3.56925170068027,-0.277315010570825
"56","D77","Bar Soap","RECKITT","Bar Soap","ALL","BAR SOAP-All-120GM-35%",6,2026-02-25,4,13.5142857142857,16.44,0.195718448170064,0.05,295.92,0,18,16.44,0,0,-3.56925170068027,-0.277315010570825
"57","D77","Bar Soap","RECKITT","Bar Soap","ALL","BAR SOAP-All-120GM-35%",6,2026-02-26,6,13.5142857142857,16.44,0.195718448170064,0.05,295.92,0,18,16.44,0,0,-3.56925170068027,-0.277315010570825
"58","D77","Bar Soap","RECKITT","Bar Soap","ALL","BAR SOAP-All-120GM-35%",6,2026-02-27,4,13.5142857142857,16.44,0.195718448170064,0.05,295.92,0,18,16.44,0,0,-3.56925170068027,-0.277315010570825
"59","D77","Bar Soap","RECKITT","Bar Soap","ALL","BAR SOAP-All-120GM-35%",6,2026-02-28,4,13.5142857142857,16.44,0.195718448170064,0.05,295.92,0,18,16.44,0,0,-3.56925170068027,-0.277315010570825
"60","D77","Bar Soap","RECKITT","Bar Soap","ALL","BAR SOAP-All-120GM-35%",6,2026-03-01,4,13.5142857142857,16.44,0.195718448170064,0.05,295.92,0,18,16.44,0,0,-3.56925170068027,-0.277315010570825
"61","D77","Bar Soap","RECKITT","Bar Soap","ALL","BAR SOAP-All-120GM-35%",6,2026-03-02,4,13.5142857142857,16.44,0.195718448170064,0.05,295.92,0,18,16.44,0,0,-3.56925170068027,-0.277315010570825
"62","D77","Bar Soap","RECKITT","Bar Soap","ALL","BAR SOAP-All-120GM-35%",7,2026-03-03,4,13.5142857142857,16.44,0.195718448170064,0.05,295.92,0,18,16.44,0,0,-3.56925170068027,-0.277315010570825
"63","D77","Bar Soap","RECKITT","Bar Soap","ALL","BAR SOAP-All-120GM-35%",7,2026-03-04,4,13.5142857142857,16.44,0.195718448170064,0.05,295.92,0,18,16.44,0,0,-3.56925170068027,-0.277315010570825
"64","D77","Bar Soap","RECKITT","Bar Soap","ALL","BAR SOAP-All-120GM-35%",7,2026-03-05,4,13.5142857142857,16.44,0.195718448170064,0.05,295.92,0,18,16.44,0,0,-3.56925170068027,-0.277315010570825
"65","D77","Bar Soap","RECKITT","Bar Soap","ALL","BAR SOAP-All-120GM-35%",7,2026-03-06,3,13.5142857142857,16.44,0.195718448170064,0.05,295.92,0,18,16.44,0,0,-3.56925170068027,-0.277315010570825
"66","D77","Bar Soap","RECKITT","Bar Soap","ALL","BAR SOAP-All-120GM-35%",7,2026-03-07,4,13.5142857142857,16.44,0.195718448170064,0.05,295.92,0,18,16.44,0,0,-3.56925170068027,-0.277315010570825
"67","D77","Bar Soap","RECKITT","Bar Soap","ALL","BAR SOAP-All-120GM-35%",7,2026-03-08,2,13.5142857142857,16.44,0.195718448170064,0.05,295.92,0,18,16.44,0,0,-3.56925170068027,-0.277315010570825
"68","D77","Bar Soap","RECKITT","Bar Soap","ALL","BAR SOAP-All-120GM-35%",7,2026-03-09,4,13.5142857142857,16.44,0.195718448170064,0.05,295.92,0,18,16.44,0,0,-3.56925170068027,-0.277315010570825
"69","D77","Bar Soap","RECKITT","Bar Soap","ALL","BAR SOAP-All-120GM-35%",7,2026-03-10,3,13.5142857142857,16.44,0.195718448170064,0.05,295.92,0,18,16.44,0,0,-3.56925170068027,-0.277315010570825
"70","D77","Bar Soap","RECKITT","Bar Soap","ALL","BAR SOAP-All-120GM-35%",7,2026-03-11,3,13.5142857142857,16.44,0.195718448170064,0.05,295.92,0,18,16.44,0,0,-3.56925170068027,-0.277315010570825
"71","D77","Bar Soap","RECKITT","Bar Soap","ALL","BAR SOAP-All-120GM-35%",7,2026-03-12,2,13.5142857142857,16.44,0.195718448170064,0.05,295.92,0,18,16.44,0,0,-3.56925170068027,-0.277315010570825
"72","D77","Bar Soap","RECKITT","Bar Soap","ALL","BAR SOAP-All-120GM-35%",8,2026-03-13,1,13.5142857142857,16.44,0.195718448170064,0.05,295.92,0,18,16.44,0,0,-3.56925170068027,-0.277315010570825
"73","D77","Bar Soap","RECKITT","Bar Soap","ALL","BAR SOAP-All-120GM-35%",8,2026-03-14,4,13.5142857142857,16.44,0.195718448170064,0.05,295.92,0,18,16.44,0,0,-3.56925170068027,-0.277315010570825
"74","D77","Bar Soap","RECKITT","Bar Soap","ALL","BAR SOAP-All-120GM-35%",8,2026-03-15,4,13.5142857142857,16.44,0.195718448170064,0.05,295.92,0,18,16.44,0,0,-3.56925170068027,-0.277315010570825
"75","D77","Bar Soap","RECKITT","Bar Soap","ALL","BAR SOAP-All-120GM-35%",8,2026-03-16,4,13.5142857142857,16.44,0.195718448170064,0.05,295.92,0,18,16.44,0,0,-3.56925170068027,-0.277315010570825
"76","D77","Bar Soap","RECKITT","Bar Soap","ALL","BAR SOAP-All-120GM-35%",8,2026-03-17,4,13.5142857142857,16.44,0.195718448170064,0.05,295.92,0,18,16.44,0,0,-3.56925170068027,-0.277315010570825
"77","D77","Bar Soap","RECKITT","Bar Soap","ALL","BAR SOAP-All-120GM-35%",8,2026-03-18,4,13.5142857142857,16.44,0.195718448170064,0.05,295.92,0,18,16.44,0,0,-3.56925170068027,-0.277315010570825
"78","D77","Bar Soap","RECKITT","Bar Soap","ALL","BAR SOAP-All-120GM-35%",8,2026-03-19,6,13.5142857142857,16.44,0.195718448170064,0.05,295.92,0,18,16.44,0,0,-3.56925170068027,-0.277315010570825
"79","D77","Bar Soap","RECKITT","Bar Soap","ALL","BAR SOAP-All-120GM-35%",8,2026-03-20,6,13.5142857142857,16.44,0.195718448170064,0.05,295.92,0,18,16.44,0,0,-3.56925170068027,-0.277315010570825
"80","D77","Bar Soap","RECKITT","Bar Soap","ALL","BAR SOAP-All-120GM-35%",8,2026-03-21,4,13.5142857142857,16.44,0.195718448170064,0.05,295.92,0,18,16.44,0,0,-3.56925170068027,-0.277315010570825
"81","D77","Bar Soap","RECKITT","Bar Soap","ALL","BAR SOAP-All-120GM-35%",8,2026-03-22,6,13.5142857142857,16.44,0.195718448170064,0.05,295.92,0,18,16.44,0,0,-3.56925170068027,-0.277315010570825
"82","D77","Bar Soap","RECKITT","Bar Soap","ALL","BAR SOAP-All-120GM-35%",8,2026-03-23,5,13.5142857142857,16.44,0.195718448170064,0.05,295.92,0,18,16.44,0,0,-3.56925170068027,-0.277315010570825
"83","D77","Bar Soap","RECKITT","Bar Soap","ALL","BAR SOAP-All-120GM-35%",9,2026-03-24,6,13.5142857142857,16.44,0.195718448170064,0.05,295.92,0,18,16.44,0,0,-3.56925170068027,-0.277315010570825
"84","D77","Bar Soap","RECKITT","Bar Soap","ALL","BAR SOAP-All-120GM-35%",9,2026-03-25,4,13.5142857142857,16.44,0.195718448170064,0.05,295.92,0,18,16.44,0,0,-3.56925170068027,-0.277315010570825
"85","D77","Bar Soap","RECKITT","Bar Soap","ALL","BAR SOAP-All-120GM-35%",9,2026-03-26,4,13.5142857142857,16.44,0.195718448170064,0.05,295.92,0,18,16.44,0,0,-3.56925170068027,-0.277315010570825
"86","D77","Bar Soap","RECKITT","Bar Soap","ALL","BAR SOAP-All-120GM-35%",9,2026-03-27,7,13.5142857142857,16.44,0.195718448170064,0.05,295.92,0,18,16.44,0,0,-3.56925170068027,-0.277315010570825
"87","D77","Bar Soap","RECKITT","Bar Soap","ALL","BAR SOAP-All-120GM-35%",9,2026-03-28,7,13.5142857142857,16.44,0.195718448170064,0.05,295.92,0,18,16.44,0,0,-3.56925170068027,-0.277315010570825
"88","D77","Bar Soap","RECKITT","Bar Soap","ALL","BAR SOAP-All-120GM-35%",9,2026-03-29,5,13.5142857142857,16.44,0.195718448170064,0.05,295.92,0,18,16.44,0,0,-3.56925170068027,-0.277315010570825
"89","D77","Bar Soap","RECKITT","Bar Soap","ALL","BAR SOAP-All-120GM-35%",9,2026-03-30,5,13.5142857142857,16.44,0.195718448170064,0.05,295.92,0,18,16.44,0,0,-3.56925170068027,-0.277315010570825
"90","D77","Bar Soap","RECKITT","Bar Soap","ALL","BAR SOAP-All-120GM-35%",9,2026-03-31,7,13.5142857142857,16.44,0.195718448170064,0.05,295.92,0,18,16.44,0,0,-3.56925170068027,-0.277315010570825
"91","D77","Bar Soap","RECKITT","Bar Soap","ALL","BAR SOAP-All-120GM-35%",9,2026-04-01,4,13.5142857142857,16.44,0.195718448170064,0.05,295.92,0,18,16.44,0,0,-3.56925170068027,-0.277315010570825
"92","D77","Bar Soap","RECKITT","Bar Soap","ALL","BAR SOAP-All-120GM-35%",9,2026-04-02,6,13.5142857142857,16.44,0.195718448170064,0.05,295.92,0,18,16.44,0,0,-3.56925170068027,-0.277315010570825
"93","D77","Bar Soap","RECKITT","Bar Soap","ALL","BAR SOAP-All-120GM-35%",9,2026-04-03,4,13.5142857142857,16.44,0.195718448170064,0.05,295.92,0,18,16.44,0,0,-3.56925170068027,-0.277315010570825
"94","D77","Bar Soap","RECKITT","Bar Soap","ALL","BAR SOAP-All-120GM-35%",10,2026-04-04,4,13.5142857142857,16.44,0.195718448170064,0.05,295.92,0,18,16.44,0,0,-3.56925170068027,-0.277315010570825
"95","D77","Bar Soap","RECKITT","Bar Soap","ALL","BAR SOAP-All-120GM-35%",10,2026-04-05,4,13.5142857142857,16.44,0.195718448170064,0.05,295.92,0,18,16.44,0,0,-3.56925170068027,-0.277315010570825
"96","D77","Bar Soap","RECKITT","Bar Soap","ALL","BAR SOAP-All-120GM-35%",10,2026-04-06,4,13.5142857142857,16.44,0.195718448170064,0.05,295.92,0,18,16.44,0,0,-3.56925170068027,-0.277315010570825
"97","D77","Bar Soap","RECKITT","Bar Soap","ALL","BAR SOAP-All-120GM-35%",10,2026-04-07,3,13.5142857142857,16.44,0.195718448170064,0.05,295.92,0,18,16.44,0,0,-3.56925170068027,-0.277315010570825
"98","D77","Bar Soap","RECKITT","Bar Soap","ALL","BAR SOAP-All-120GM-35%",10,2026-04-08,2,13.5142857142857,16.44,0.195718448170064,0.05,295.92,0,18,16.44,0,0,-3.56925170068027,-0.277315010570825
"99","D77","Bar Soap","RECKITT","Bar Soap","ALL","BAR SOAP-All-120GM-35%",10,2026-04-09,2,13.5142857142857,16.44,0.195718448170064,0.05,295.92,0,18,16.44,0,0,-3.56925170068027,-0.277315010570825
"100","D77","Bar Soap","RECKITT","Bar Soap","ALL","BAR SOAP-All-120GM-35%",10,2026-04-10,3,13.5142857142857,16.44,0.195718448170064,0.05,295.92,0,18,16.44,0,0,-3.56925170068027,-0.277315010570825
"101","D77","Bar Soap","RECKITT","Bar Soap","ALL","BAR SOAP-All-120GM-35%",10,2026-04-11,3,13.5142857142857,16.44,0.195718448170064,0.05,295.92,0,18,16.44,0,0,-3.56925170068027,-0.277315010570825
"102","D77","Bar Soap","RECKITT","Bar Soap","ALL","BAR SOAP-All-120GM-35%",10,2026-04-12,1,13.5142857142857,16.44,0.195718448170064,0.05,295.92,0,18,16.44,0,0,-3.56925170068027,-0.277315010570825
"103","D77","Bar Soap","RECKITT","Bar Soap","ALL","BAR SOAP-All-120GM-35%",10,2026-04-13,1,13.5142857142857,16.44,0.195718448170064,0.05,295.92,0,18,16.44,0,0,-3.56925170068027,-0.277315010570825
"104","D77","Bar Soap","RECKITT","Bar Soap","ALL","BAR SOAP-All-120GM-35%",10,2026-04-14,6,13.5142857142857,16.44,0.195718448170064,0.05,295.92,0,18,16.44,0,0,-3.56925170068027,-0.277315010570825
"105","D77","Bar Soap","RECKITT","Bar Soap","ALL","BAR SOAP-All-120GM-35%",11,2026-04-15,2,13.5142857142857,16.44,0.195718448170064,0.05,295.92,0,18,16.44,0,0,-3.56925170068027,-0.277315010570825
"106","D77","Bar Soap","RECKITT","Bar Soap","ALL","BAR SOAP-All-120GM-35%",11,2026-04-16,2,13.5142857142857,16.44,0.195718448170064,0.05,295.92,0,18,16.44,0,0,-3.56925170068027,-0.277315010570825
"107","D77","Bar Soap","RECKITT","Bar Soap","ALL","BAR SOAP-All-120GM-35%",11,2026-04-17,2,13.5142857142857,16.44,0.195718448170064,0.05,295.92,0,18,16.44,0,0,-3.56925170068027,-0.277315010570825
"108","D77","Bar Soap","RECKITT","Bar Soap","ALL","BAR SOAP-All-120GM-35%",11,2026-04-18,2,13.5142857142857,16.44,0.195718448170064,0.05,295.92,0,18,16.44,0,0,-3.56925170068027,-0.277315010570825
"109","D77","Bar Soap","RECKITT","Bar Soap","ALL","BAR SOAP-All-120GM-35%",11,2026-04-19,1,13.5142857142857,16.44,0.195718448170064,0.05,295.92,0,18,16.44,0,0,-3.56925170068027,-0.277315010570825
"110","D77","Bar Soap","RECKITT","Bar Soap","ALL","BAR SOAP-All-120GM-35%",11,2026-04-20,1,13.5142857142857,16.44,0.195718448170064,0.05,295.92,0,18,16.44,0,0,-3.56925170068027,-0.277315010570825
"111","D77","Bar Soap","RECKITT","Bar Soap","ALL","BAR SOAP-All-120GM-35%",11,2026-04-21,1,13.5142857142857,16.44,0.195718448170064,0.05,295.92,0,18,16.44,0,0,-3.56925170068027,-0.277315010570825
"112","D77","Bar Soap","RECKITT","Bar Soap","ALL","BAR SOAP-All-120GM-35%",11,2026-04-22,1,13.5142857142857,16.44,0.195718448170064,0.05,295.92,0,18,16.44,0,0,-3.56925170068027,-0.277315010570825
"113","D77","Bar Soap","RECKITT","Bar Soap","ALL","BAR SOAP-All-120GM-35%",11,2026-04-23,1,13.5142857142857,16.44,0.195718448170064,0.05,295.92,0,18,16.44,0,0,-3.56925170068027,-0.277315010570825
"114","D77","Bar Soap","RECKITT","Bar Soap","ALL","BAR SOAP-All-120GM-35%",11,2026-04-24,1,13.5142857142857,16.44,0.195718448170064,0.05,295.92,0,18,16.44,0,0,-3.56925170068027,-0.277315010570825
"115","D77","Bar Soap","RECKITT","Bar Soap","ALL","BAR SOAP-All-120GM-35%",12,2026-04-25,1,13.5142857142857,16.44,0.195718448170064,0.05,295.92,0,18,16.44,0,0,-3.56925170068027,-0.277315010570825
"116","D77","Bar Soap","RECKITT","Bar Soap","ALL","BAR SOAP-All-120GM-35%",12,2026-04-26,2,13.5142857142857,16.44,0.195718448170064,0.05,295.92,0,18,16.44,0,0,-3.56925170068027,-0.277315010570825
"117","D77","Bar Soap","RECKITT","Bar Soap","ALL","BAR SOAP-All-120GM-35%",12,2026-04-27,3,13.5142857142857,16.44,0.195718448170064,0.05,295.92,0,18,16.44,0,0,-3.56925170068027,-0.277315010570825
"118","D77","Bar Soap","RECKITT","Bar Soap","ALL","BAR SOAP-All-120GM-35%",12,2026-04-28,3,13.5142857142857,16.44,0.195718448170064,0.05,295.92,0,18,16.44,0,0,-3.56925170068027,-0.277315010570825
"119","D77","Bar Soap","RECKITT","Bar Soap","ALL","BAR SOAP-All-120GM-35%",12,2026-04-29,3,13.5142857142857,16.44,0.195718448170064,0.05,295.92,0,18,16.44,0,0,-3.56925170068027,-0.277315010570825
"120","D77","Bar Soap","RECKITT","Bar Soap","ALL","BAR SOAP-All-120GM-35%",12,2026-04-30,4,13.5142857142857,16.44,0.195718448170064,0.05,295.92,0,18,16.44,0,0,-3.56925170068027,-0.277315010570825
"121","D77","Bar Soap","RECKITT","Bar Soap","ALL","BAR SOAP-All-120GM-35%",12,2026-05-01,1,13.5142857142857,16.44,0.195718448170064,0.05,295.92,0,18,16.44,0,0,-3.56925170068027,-0.277315010570825
"122","D77","Bar Soap","RECKITT","Bar Soap","ALL","BAR SOAP-All-120GM-35%",12,2026-05-02,3,13.5142857142857,16.44,0.195718448170064,0.05,295.92,0,18,16.44,0,0,-3.56925170068027,-0.277315010570825
"123","D77","Bar Soap","RECKITT","Bar Soap","ALL","BAR SOAP-All-120GM-35%",12,2026-05-03,3,13.5142857142857,16.44,0.195718448170064,0.05,295.92,0,18,16.44,0,0,-3.56925170068027,-0.277315010570825
"124","D77","Bar Soap","RECKITT","Bar Soap","ALL","BAR SOAP-All-120GM-35%",12,2026-05-04,3,13.5142857142857,16.44,0.195718448170064,0.05,295.92,0,18,16.44,0,0,-3.56925170068027,-0.277315010570825
"125","D77","Bar Soap","RECKITT","Bar Soap","ALL","BAR SOAP-All-120GM-35%",12,2026-05-05,4,13.5142857142857,16.44,0.195718448170064,0.05,295.92,0,18,16.44,0,0,-3.56925170068027,-0.277315010570825
"126","D77","Bar Soap","RECKITT","Bar Soap","ALL","BAR SOAP-All-120GM-35%",13,2026-05-06,4,13.5142857142857,16.44,0.195718448170064,0.05,295.92,0,18,16.44,0,0,-3.56925170068027,-0.277315010570825
"127","D77","Bar Soap","RECKITT","Bar Soap","ALL","BAR SOAP-All-120GM-35%",13,2026-05-07,4,13.5142857142857,16.44,0.195718448170064,0.05,295.92,0,18,16.44,0,0,-3.56925170068027,-0.277315010570825
"128","D77","Bar Soap","RECKITT","Bar Soap","ALL","BAR SOAP-All-120GM-35%",13,2026-05-08,6,13.5142857142857,16.44,0.195718448170064,0.05,295.92,0,18,16.44,0,0,-3.56925170068027,-0.277315010570825
"129","D77","Bar Soap","RECKITT","Bar Soap","ALL","BAR SOAP-All-120GM-35%",13,2026-05-09,6,13.5142857142857,16.44,0.195718448170064,0.05,295.92,0,18,16.44,0,0,-3.56925170068027,-0.277315010570825
"130","D77","Bar Soap","RECKITT","Bar Soap","ALL","BAR SOAP-All-120GM-35%",13,2026-05-10,6,13.5142857142857,16.44,0.195718448170064,0.05,295.92,0,18,16.44,0,0,-3.56925170068027,-0.277315010570825
"131","D77","Bar Soap","RECKITT","Bar Soap","ALL","BAR SOAP-All-120GM-35%",13,2026-05-11,4,13.5142857142857,16.44,0.195718448170064,0.05,295.92,0,18,16.44,0,0,-3.56925170068027,-0.277315010570825
"132","D77","Bar Soap","RECKITT","Bar Soap","ALL","BAR SOAP-All-120GM-35%",13,2026-05-12,4,13.5142857142857,16.44,0.195718448170064,0.05,295.92,0,18,16.44,0,0,-3.56925170068027,-0.277315010570825
"133","D77","Bar Soap","RECKITT","Bar Soap","ALL","BAR SOAP-All-120GM-35%",13,2026-05-13,4,13.5142857142857,16.44,0.195718448170064,0.05,295.92,0,18,16.44,0,0,-3.56925170068027,-0.277315010570825
"134","D77","Bar Soap","RECKITT","Bar Soap","ALL","BAR SOAP-All-120GM-35%",13,2026-05-14,4,13.5142857142857,16.44,0.195718448170064,0.05,295.92,0,18,16.44,0,0,-3.56925170068027,-0.277315010570825
"135","D77","Bar Soap","RECKITT","Bar Soap","ALL","BAR SOAP-All-120GM-35%",13,2026-05-15,6,13.5142857142857,16.44,0.195718448170064,0.05,295.92,0,18,16.44,0,0,-3.56925170068027,-0.277315010570825
"136","D77","Bar Soap","RECKITT","Bar Soap","ALL","BAR SOAP-All-120GM-35%",14,2026-05-16,4,13.5142857142857,16.44,0.195718448170064,0.05,295.92,0,18,16.44,0,0,-3.56925170068027,-0.277315010570825
"137","D77","Bar Soap","RECKITT","Bar Soap","ALL","BAR SOAP-All-120GM-35%",14,2026-05-17,1,13.5142857142857,16.44,0.195718448170064,0.05,295.92,0,18,16.44,0,0,-3.56925170068027,-0.277315010570825
"138","D77","Bar Soap","RECKITT","Bar Soap","ALL","BAR SOAP-All-120GM-35%",14,2026-05-18,1,13.5142857142857,16.44,0.195718448170064,0.05,295.92,0,18,16.44,0,0,-3.56925170068027,-0.277315010570825
"139","D77","Bar Soap","RECKITT","Bar Soap","ALL","BAR SOAP-All-120GM-35%",14,2026-05-19,3,13.5142857142857,16.44,0.195718448170064,0.05,295.92,0,18,16.44,0,0,-3.56925170068027,-0.277315010570825
"140","D77","Bar Soap","RECKITT","Bar Soap","ALL","BAR SOAP-All-120GM-35%",14,2026-05-20,3,13.5142857142857,16.44,0.195718448170064,0.05,295.92,0,18,16.44,0,0,-3.56925170068027,-0.277315010570825
"141","D77","Bar Soap","RECKITT","Bar Soap","ALL","BAR SOAP-All-120GM-35%",14,2026-05-21,2,13.5142857142857,16.44,0.195718448170064,0.05,295.92,0,18,16.44,0,0,-3.56925170068027,-0.277315010570825
"142","D77","Bar Soap","RECKITT","Bar Soap","ALL","BAR SOAP-All-120GM-35%",14,2026-05-22,2,13.5142857142857,16.44,0.195718448170064,0.05,295.92,0,18,16.44,0,0,-3.56925170068027,-0.277315010570825
"143","D77","Bar Soap","RECKITT","Bar Soap","ALL","BAR SOAP-All-120GM-35%",14,2026-05-23,3,13.5142857142857,16.44,0.195718448170064,0.05,295.92,0,18,16.44,0,0,-3.56925170068027,-0.277315010570825
"144","D77","Bar Soap","RECKITT","Bar Soap","ALL","BAR SOAP-All-120GM-35%",14,2026-05-24,6,13.5142857142857,16.44,0.195718448170064,0.05,295.92,0,18,16.44,0,0,-3.56925170068027,-0.277315010570825
"145","D77","Bar Soap","RECKITT","Bar Soap","ALL","BAR SOAP-All-120GM-35%",14,2026-05-25,6,13.5142857142857,16.44,0.195718448170064,0.05,295.92,0,18,16.44,0,0,-3.56925170068027,-0.277315010570825
"146","D77","Bar Soap","RECKITT","Bar Soap","ALL","BAR SOAP-All-120GM-35%",14,2026-05-26,2,13.5142857142857,16.44,0.195718448170064,0.05,295.92,0,18,16.44,0,0,-3.56925170068027,-0.277315010570825
"147","D77","Bar Soap","RECKITT","Bar Soap","ALL","BAR SOAP-All-120GM-35%",15,2026-05-27,6,13.5142857142857,16.44,0.195718448170064,0.05,295.92,0,18,16.44,0,0,-3.56925170068027,-0.277315010570825
"148","D77","Bar Soap","RECKITT","Bar Soap","ALL","BAR SOAP-All-120GM-35%",15,2026-05-28,6,13.5142857142857,16.44,0.195718448170064,0.05,295.92,0,18,16.44,0,0,-3.56925170068027,-0.277315010570825
"149","D77","Bar Soap","RECKITT","Bar Soap","ALL","BAR SOAP-All-120GM-35%",15,2026-05-29,5,13.5142857142857,16.44,0.195718448170064,0.05,295.92,0,18,16.44,0,0,-3.56925170068027,-0.277315010570825
"150","D77","Bar Soap","RECKITT","Bar Soap","ALL","BAR SOAP-All-120GM-35%",15,2026-05-30,6,13.5142857142857,16.44,0.195718448170064,0.05,295.92,0,18,16.44,0,0,-3.56925170068027,-0.277315010570825
"151","D77","Bar Soap","RECKITT","Bar Soap","ALL","BAR SOAP-All-120GM-35%",15,2026-05-31,6,13.5142857142857,16.44,0.195718448170064,0.05,295.92,0,18,16.44,0,0,-3.56925170068027,-0.277315010570825
"152","D77","Bar Soap","RECKITT","Bar Soap","ALL","BAR SOAP-All-120GM-35%",15,2026-06-01,6,13.5142857142857,16.44,0.195718448170064,0.05,295.92,0,18,16.44,0,0,-3.56925170068027,-0.277315010570825
"153","D77","Bar Soap","RECKITT","Bar Soap","ALL","BAR SOAP-All-120GM-35%",15,2026-06-02,5,13.5142857142857,16.44,0.195718448170064,0.05,295.92,0,18,16.44,0,0,-3.56925170068027,-0.277315010570825
"154","D77","Bar Soap","RECKITT","Bar Soap","ALL","BAR SOAP-All-120GM-35%",15,2026-06-03,5,13.5142857142857,16.44,0.195718448170064,0.05,295.92,0,18,16.44,0,0,-3.56925170068027,-0.277315010570825
"155","D77","Bar Soap","RECKITT","Bar Soap","ALL","BAR SOAP-All-120GM-35%",15,2026-06-04,3,13.5142857142857,16.44,0.195718448170064,0.05,295.92,0,18,16.44,0,0,-3.56925170068027,-0.277315010570825
"156","D77","Bar Soap","RECKITT","Bar Soap","ALL","BAR SOAP-All-120GM-35%",15,2026-06-05,6,13.5142857142857,16.44,0.195718448170064,0.05,295.92,0,18,16.44,0,0,-3.56925170068027,-0.277315010570825
"157","D77","Bar Soap","RECKITT","Bar Soap","ALL","BAR SOAP-All-120GM-35%",16,2026-06-06,4,13.5142857142857,16.44,0.195718448170064,0.05,295.92,0,18,16.44,0,0,-3.56925170068027,-0.277315010570825
"158","D77","Bar Soap","RECKITT","Bar Soap","ALL","BAR SOAP-All-120GM-35%",16,2026-06-07,3,13.5142857142857,16.44,0.195718448170064,0.05,295.92,0,18,16.44,0,0,-3.56925170068027,-0.277315010570825
"159","D77","Bar Soap","RECKITT","Bar Soap","ALL","BAR SOAP-All-120GM-35%",16,2026-06-08,6,13.5142857142857,16.44,0.195718448170064,0.05,295.92,0,18,16.44,0,0,-3.56925170068027,-0.277315010570825
"160","D77","Bar Soap","RECKITT","Bar Soap","ALL","BAR SOAP-All-120GM-35%",16,2026-06-09,6,13.5142857142857,16.44,0.195718448170064,0.05,295.92,0,18,16.44,0,0,-3.56925170068027,-0.277315010570825
"161","D77","Bar Soap","RECKITT","Bar Soap","ALL","BAR SOAP-All-120GM-35%",17,2026-06-10,7,13.5142857142857,16.44,0.195718448170064,0.05,295.92,0,18,16.44,0,0,-3.56925170068027,-0.277315010570825
"162","D77","Bar Soap","RECKITT","Bar Soap","ALL","BAR SOAP-All-120GM-35%",17,2026-06-11,6,13.5142857142857,16.44,0.195718448170064,0.05,295.92,0,18,16.44,0,0,-3.56925170068027,-0.277315010570825
"163","D77","Bar Soap","RECKITT","Bar Soap","ALL","BAR SOAP-All-120GM-35%",17,2026-06-12,7,13.5142857142857,16.44,0.195718448170064,0.05,295.92,0,18,16.44,0,0,-3.56925170068027,-0.277315010570825
"164","D77","Bar Soap","RECKITT","Bar Soap","ALL","BAR SOAP-All-120GM-35%",17,2026-06-13,7,13.5142857142857,16.44,0.195718448170064,0.05,295.92,0,18,16.44,0,0,-3.56925170068027,-0.277315010570825
"165","D77","Bar Soap","RECKITT","Bar Soap","ALL","BAR SOAP-All-120GM-35%",17,2026-06-14,7,13.5142857142857,16.44,0.195718448170064,0.05,295.92,0,18,16.44,0,0,-3.56925170068027,-0.277315010570825
"166","D77","Bar Soap","RECKITT","Bar Soap","ALL","BAR SOAP-All-120GM-35%",17,2026-06-15,6,13.5142857142857,16.44,0.195718448170064,0.05,295.92,0,18,16.44,0,0,-3.56925170068027,-0.277315010570825
"167","D77","Bar Soap","RECKITT","Bar Soap","ALL","BAR SOAP-All-120GM-35%",17,2026-06-16,5,13.5142857142857,16.44,0.195718448170064,0.05,295.92,0,18,16.44,0,0,-3.56925170068027,-0.277315010570825
"168","D77","Bar Soap","RECKITT","Bar Soap","ALL","BAR SOAP-All-120GM-35%",17,2026-06-17,6,13.5142857142857,16.44,0.195718448170064,0.05,295.92,0,18,16.44,0,0,-3.56925170068027,-0.277315010570825
"169","D77","Bar Soap","RECKITT","Bar Soap","ALL","BAR SOAP-All-120GM-35%",17,2026-06-18,7,13.5142857142857,16.44,0.195718448170064,0.05,295.92,0,18,16.44,0,0,-3.56925170068027,-0.277315010570825
"170","D77","Bar Soap","RECKITT","Bar Soap","ALL","BAR SOAP-All-120GM-35%",17,2026-06-19,7,13.5142857142857,16.44,0.195718448170064,0.05,295.92,0,18,16.44,0,0,-3.56925170068027,-0.277315010570825
"171","D77","Bar Soap","RECKITT","Bar Soap","ALL","BAR SOAP-All-120GM-35%",18,2026-06-20,6,13.5142857142857,16.44,0.195718448170064,0.05,295.92,0,18,16.44,0,0,-3.56925170068027,-0.277315010570825
"172","D77","Bar Soap","RECKITT","Bar Soap","ALL","BAR SOAP-All-120GM-35%",18,2026-06-21,6,13.5142857142857,16.44,0.195718448170064,0.05,295.92,0,18,16.44,0,0,-3.56925170068027,-0.277315010570825
"173","D77","Bar Soap","RECKITT","Bar Soap","ALL","BAR SOAP-All-120GM-35%",18,2026-06-22,6,13.5142857142857,16.44,0.195718448170064,0.05,295.92,0,18,16.44,0,0,-3.56925170068027,-0.277315010570825
"174","D77","Bar Soap","RECKITT","Bar Soap","ALL","BAR SOAP-All-120GM-35%",18,2026-06-23,6,13.5142857142857,16.44,0.195718448170064,0.05,295.92,0,18,16.44,0,0,-3.56925170068027,-0.277315010570825
"175","D77","Bar Soap","RECKITT","Bar Soap","ALL","BAR SOAP-All-120GM-35%",18,2026-06-24,6,13.5142857142857,16.44,0.195718448170064,0.05,295.92,0,18,16.44,0,0,-3.56925170068027,-0.277315010570825
"176","D77","Bar Soap","RECKITT","Bar Soap","ALL","BAR SOAP-All-120GM-35%",18,2026-06-25,4,13.5142857142857,16.44,0.195718448170064,0.05,295.92,0,18,16.44,0,0,-3.56925170068027,-0.277315010570825
"177","D77","Bar Soap","RECKITT","Bar Soap","ALL","BAR SOAP-All-120GM-35%",18,2026-06-26,6,13.5142857142857,16.44,0.195718448170064,0.05,295.92,0,18,16.44,0,0,-3.56925170068027,-0.277315010570825
"178","D77","Bar Soap","RECKITT","Bar Soap","ALL","BAR SOAP-All-120GM-35%",18,2026-06-27,6,13.5142857142857,16.44,0.195718448170064,0.05,295.92,0,18,16.44,0,0,-3.56925170068027,-0.277315010570825
"179","D77","Bar Soap","RECKITT","Bar Soap","ALL","BAR SOAP-All-120GM-35%",18,2026-06-28,7,13.5142857142857,16.44,0.195718448170064,0.05,295.92,0,18,16.44,0,0,-3.56925170068027,-0.277315010570825
"180","D77","Bar Soap","RECKITT","Bar Soap","ALL","BAR SOAP-All-120GM-35%",18,2026-06-29,4,13.5142857142857,16.44,0.195718448170064,0.05,295.92,0,18,16.44,0,0,-3.56925170068027,-0.277315010570825
"181","D77","Bar Soap","RECKITT","Bar Soap","ALL","BAR SOAP-All-120GM-35%",18,2026-06-30,7,13.5142857142857,16.44,0.195718448170064,0.05,295.92,0,18,16.44,0,0,-3.56925170068027,-0.277315010570825
"182","D77","Bar Soap","RECKITT","Bar Soap","ALL","BAR SOAP-All-120GM-35%",19,2026-07-01,7,13.5142857142857,16.44,0.195718448170064,0.05,295.92,0,18,16.44,0,0,-3.56925170068027,-0.277315010570825
"183","D77","Bar Soap","RECKITT","Bar Soap","ALL","BAR SOAP-All-120GM-35%",19,2026-07-02,7,13.5142857142857,16.44,0.195718448170064,0.05,295.92,0,18,16.44,0,0,-3.56925170068027,-0.277315010570825
"184","D77","Bar Soap","RECKITT","Bar Soap","ALL","BAR SOAP-All-120GM-35%",19,2026-07-03,5,13.5142857142857,16.44,0.195718448170064,0.05,295.92,0,18,16.44,0,0,-3.56925170068027,-0.277315010570825
"185","D77","Bar Soap","RECKITT","Bar Soap","ALL","BAR SOAP-All-120GM-35%",19,2026-07-04,5,13.5142857142857,16.44,0.195718448170064,0.05,295.92,0,18,16.44,0,0,-3.56925170068027,-0.277315010570825
"186","D77","Bar Soap","RECKITT","Bar Soap","ALL","BAR SOAP-All-120GM-35%",19,2026-07-05,7,13.5142857142857,16.44,0.195718448170064,0.05,295.92,0,18,16.44,0,0,-3.56925170068027,-0.277315010570825
"187","D77","Bar Soap","RECKITT","Bar Soap","ALL","BAR SOAP-All-120GM-35%",19,2026-07-06,7,13.5142857142857,16.44,0.195718448170064,0.05,295.92,0,18,16.44,0,0,-3.56925170068027,-0.277315010570825
"188","D77","Bar Soap","RECKITT","Bar Soap","ALL","BAR SOAP-All-120GM-35%",19,2026-07-07,6,13.5142857142857,16.44,0.195718448170064,0.05,295.92,0,18,16.44,0,0,-3.56925170068027,-0.277315010570825
"189","D77","Bar Soap","RECKITT","Bar Soap","ALL","BAR SOAP-All-120GM-35%",19,2026-07-08,6,13.5142857142857,16.44,0.195718448170064,0.05,295.92,0,18,16.44,0,0,-3.56925170068027,-0.277315010570825
"190","D77","Bar Soap","RECKITT","Bar Soap","ALL","BAR SOAP-All-120GM-35%",19,2026-07-09,7,13.5142857142857,16.44,0.195718448170064,0.05,295.92,0,18,16.44,0,0,-3.56925170068027,-0.277315010570825
"191","D77","Bar Soap","RECKITT","Bar Soap","ALL","BAR SOAP-All-120GM-35%",19,2026-07-10,6,13.5142857142857,16.44,0.195718448170064,0.05,295.92,0,18,16.44,0,0,-3.56925170068027,-0.277315010570825
"192","D77","Bar Soap","RECKITT","Bar Soap","ALL","BAR SOAP-All-120GM-35%",20,2026-07-11,3,13.5142857142857,16.44,0.195718448170064,0.05,295.92,0,18,16.44,0,0,-3.56925170068027,-0.277315010570825
"193","D77","Bar Soap","RECKITT","Bar Soap","ALL","BAR SOAP-All-120GM-35%",20,2026-07-12,4,13.5142857142857,16.44,0.195718448170064,0.05,295.92,0,18,16.44,0,0,-3.56925170068027,-0.277315010570825
"194","D77","Bar Soap","RECKITT","Bar Soap","ALL","BAR SOAP-All-120GM-35%",20,2026-07-13,3,13.5142857142857,16.44,0.195718448170064,0.05,295.92,0,18,16.44,0,0,-3.56925170068027,-0.277315010570825
"195","D77","Bar Soap","RECKITT","Bar Soap","ALL","BAR SOAP-All-120GM-35%",20,2026-07-14,6,13.5142857142857,16.44,0.195718448170064,0.05,295.92,0,18,16.44,0,0,-3.56925170068027,-0.277315010570825
"196","D77","Bar Soap","RECKITT","Bar Soap","ALL","BAR SOAP-All-120GM-35%",20,2026-07-15,3,13.5142857142857,16.44,0.195718448170064,0.05,295.92,0,18,16.44,0,0,-3.56925170068027,-0.277315010570825
"197","D77","Bar Soap","RECKITT","Bar Soap","ALL","BAR SOAP-All-120GM-35%",20,2026-07-16,3,13.5142857142857,16.44,0.195718448170064,0.05,295.92,0,18,16.44,0,0,-3.56925170068027,-0.277315010570825
"198","D77","Bar Soap","RECKITT","Bar Soap","ALL","BAR SOAP-All-120GM-35%",20,2026-07-17,4,13.5142857142857,16.44,0.195718448170064,0.05,295.92,0,18,16.44,0,0,-3.56925170068027,-0.277315010570825
"199","D77","Bar Soap","RECKITT","Bar Soap","ALL","BAR SOAP-All-120GM-35%",20,2026-07-18,6,13.5142857142857,16.44,0.195718448170064,0.05,295.92,0,18,16.44,0,0,-3.56925170068027,-0.277315010570825
"200","D77","Bar Soap","RECKITT","Bar Soap","ALL","BAR SOAP-All-120GM-35%",20,2026-07-19,4,13.5142857142857,16.44,0.195718448170064,0.05,295.92,0,18,16.44,0,0,-3.56925170068027,-0.277315010570825
"201","D77","Bar Soap","RECKITT","Bar Soap","ALL","BAR SOAP-All-120GM-35%",20,2026-07-20,3,13.5142857142857,16.44,0.195718448170064,0.05,295.92,0,18,16.44,0,0,-3.56925170068027,-0.277315010570825
"202","D77","Bar Soap","RECKITT","Bar Soap","ALL","BAR SOAP-All-120GM-35%",20,2026-07-21,3,13.5142857142857,16.44,0.195718448170064,0.05,295.92,0,18,16.44,0,0,-3.56925170068027,-0.277315010570825
"203","D77","Bar Soap","RECKITT","Bar Soap","ALL","BAR SOAP-All-120GM-35%",21,2026-07-22,4,13.5142857142857,16.44,0.195718448170064,0.05,295.92,0,18,16.44,0,0,-3.56925170068027,-0.277315010570825
"204","D77","Bar Soap","RECKITT","Bar Soap","ALL","BAR SOAP-All-120GM-35%",21,2026-07-23,4,13.5142857142857,16.44,0.195718448170064,0.05,295.92,0,18,16.44,0,0,-3.56925170068027,-0.277315010570825
"205","D77","Bar Soap","RECKITT","Bar Soap","ALL","BAR SOAP-All-120GM-35%",21,2026-07-24,4,13.5142857142857,16.44,0.195718448170064,0.05,295.92,0,18,16.44,0,0,-3.56925170068027,-0.277315010570825
"206","D77","Bar Soap","RECKITT","Bar Soap","ALL","BAR SOAP-All-120GM-35%",21,2026-07-25,5,13.5142857142857,16.44,0.195718448170064,0.05,295.92,0,18,16.44,0,0,-3.56925170068027,-0.277315010570825
"207","D77","Bar Soap","RECKITT","Bar Soap","ALL","BAR SOAP-All-120GM-35%",21,2026-07-26,7,13.5142857142857,16.44,0.195718448170064,0.05,295.92,0,18,16.44,0,0,-3.56925170068027,-0.277315010570825
"208","D77","Bar Soap","RECKITT","Bar Soap","ALL","BAR SOAP-All-120GM-35%",21,2026-07-27,7,13.5142857142857,16.44,0.195718448170064,0.05,295.92,0,18,16.44,0,0,-3.56925170068027,-0.277315010570825
"209","D77","Bar Soap","RECKITT","Bar Soap","ALL","BAR SOAP-All-120GM-35%",21,2026-07-28,6,13.5142857142857,16.44,0.195718448170064,0.05,295.92,0,18,16.44,0,0,-3.56925170068027,-0.277315010570825
"210","D77","Bar Soap","RECKITT","Bar Soap","ALL","BAR SOAP-All-120GM-35%",21,2026-07-29,6,13.5142857142857,16.44,0.195718448170064,0.05,295.92,0,18,16.44,0,0,-3.56925170068027,-0.277315010570825
"211","D77","Bar Soap","RECKITT","Bar Soap","ALL","BAR SOAP-All-120GM-35%",21,2026-07-30,6,13.5142857142857,16.44,0.195718448170064,0.05,295.92,0,18,16.44,0,0,-3.56925170068027,-0.277315010570825
"212","D77","Bar Soap","RECKITT","Bar Soap","ALL","BAR SOAP-All-120GM-35%",21,2026-07-31,6,13.5142857142857,16.44,0.195718448170064,0.05,295.92,0,18,16.44,0,0,-3.56925170068027,-0.277315010570825
"213","D77","Bar Soap","RECKITT","Bar Soap","ALL","BAR SOAP-All-120GM-35%",22,2026-08-01,6,13.5142857142857,16.44,0.195718448170064,0.05,295.92,0,18,16.44,0,0,-3.56925170068027,-0.277315010570825
"214","D77","Bar Soap","RECKITT","Bar Soap","ALL","BAR SOAP-All-120GM-35%",22,2026-08-02,6,13.5142857142857,16.44,0.195718448170064,0.05,295.92,0,18,16.44,0,0,-3.56925170068027,-0.277315010570825
"215","D77","Bar Soap","RECKITT","Bar Soap","ALL","BAR SOAP-All-120GM-35%",22,2026-08-03,6,13.5142857142857,16.44,0.195718448170064,0.05,295.92,0,18,16.44,0,0,-3.56925170068027,-0.277315010570825
"216","D77","Bar Soap","RECKITT","Bar Soap","ALL","BAR SOAP-All-120GM-35%",22,2026-08-04,1,13.5142857142857,16.44,0.195718448170064,0.05,295.92,0,18,16.44,0,0,-3.56925170068027,-0.277315010570825
"217","D77","Bar Soap","RECKITT","Bar Soap","ALL","BAR SOAP-All-120GM-35%",22,2026-08-05,3,13.5142857142857,16.44,0.195718448170064,0.05,295.92,0,18,16.44,0,0,-3.56925170068027,-0.277315010570825
"218","D77","Bar Soap","RECKITT","Bar Soap","ALL","BAR SOAP-All-120GM-35%",22,2026-08-06,4,13.5142857142857,16.44,0.195718448170064,0.05,295.92,0,18,16.44,0,0,-3.56925170068027,-0.277315010570825
"219","D77","Bar Soap","RECKITT","Bar Soap","ALL","BAR SOAP-All-120GM-35%",22,2026-08-07,6,13.5142857142857,16.44,0.195718448170064,0.05,295.92,0,18,16.44,0,0,-3.56925170068027,-0.277315010570825
"220","D77","Bar Soap","RECKITT","Bar Soap","ALL","BAR SOAP-All-120GM-35%",22,2026-08-08,2,13.5142857142857,16.44,0.195718448170064,0.05,295.92,0,18,16.44,0,0,-3.56925170068027,-0.277315010570825
"221","D77","Bar Soap","RECKITT","Bar Soap","ALL","BAR SOAP-All-120GM-35%",22,2026-08-09,6,13.5142857142857,16.44,0.195718448170064,0.05,295.92,0,18,16.44,0,0,-3.56925170068027,-0.277315010570825
"222","D77","Bar Soap","RECKITT","Bar Soap","ALL","BAR SOAP-All-120GM-35%",22,2026-08-10,6,13.5142857142857,16.44,0.195718448170064,0.05,295.92,0,18,16.44,0,0,-3.56925170068027,-0.277315010570825
"223","D77","Bar Soap","RECKITT","Bar Soap","ALL","BAR SOAP-All-120GM-35%",23,2026-08-11,4,13.5142857142857,16.44,0.195718448170064,0.05,295.92,0,18,16.44,0,0,-3.56925170068027,-0.277315010570825
"224","D77","Bar Soap","RECKITT","Bar Soap","ALL","BAR SOAP-All-120GM-35%",23,2026-08-12,4,13.5142857142857,16.44,0.195718448170064,0.05,295.92,0,18,16.44,0,0,-3.56925170068027,-0.277315010570825
"225","D77","Bar Soap","RECKITT","Bar Soap","ALL","BAR SOAP-All-120GM-35%",23,2026-08-13,4,13.5142857142857,16.44,0.195718448170064,0.05,295.92,0,18,16.44,0,0,-3.56925170068027,-0.277315010570825
"226","D77","Bar Soap","RECKITT","Bar Soap","ALL","BAR SOAP-All-120GM-35%",23,2026-08-14,4,13.5142857142857,16.44,0.195718448170064,0.05,295.92,0,18,16.44,0,0,-3.56925170068027,-0.277315010570825
"227","D77","Bar Soap","RECKITT","Bar Soap","ALL","BAR SOAP-All-120GM-35%",23,2026-08-15,6,13.5142857142857,16.44,0.195718448170064,0.05,295.92,0,18,16.44,0,0,-3.56925170068027,-0.277315010570825
"228","D77","Bar Soap","RECKITT","Bar Soap","ALL","BAR SOAP-All-120GM-35%",23,2026-08-16,6,13.5142857142857,16.44,0.195718448170064,0.05,295.92,0,18,16.44,0,0,-3.56925170068027,-0.277315010570825
"229","D77","Bar Soap","RECKITT","Bar Soap","ALL","BAR SOAP-All-120GM-35%",23,2026-08-17,6,13.5142857142857,16.44,0.195718448170064,0.05,295.92,0,18,16.44,0,0,-3.56925170068027,-0.277315010570825
"230","D77","Bar Soap","RECKITT","Bar Soap","ALL","BAR SOAP-All-120GM-35%",23,2026-08-18,6,13.5142857142857,16.44,0.195718448170064,0.05,295.92,0,18,16.44,0,0,-3.56925170068027,-0.277315010570825
"231","D77","Bar Soap","RECKITT","Bar Soap","ALL","BAR SOAP-All-120GM-35%",23,2026-08-19,4,13.5142857142857,16.44,0.195718448170064,0.05,295.92,0,18,16.44,0,0,-3.56925170068027,-0.277315010570825
"232","D77","Bar Soap","RECKITT","Bar Soap","ALL","BAR SOAP-All-120GM-35%",23,2026-08-20,4,13.5142857142857,16.44,0.195718448170064,0.05,295.92,0,18,16.44,0,0,-3.56925170068027,-0.277315010570825
"233","D77","Bar Soap","RECKITT","Bar Soap","ALL","BAR SOAP-All-120GM-35%",23,2026-08-21,6,13.5142857142857,16.44,0.195718448170064,0.05,295.92,0,18,16.44,0,0,-3.56925170068027,-0.277315010570825
"234","D77","Bar Soap","RECKITT","Bar Soap","ALL","BAR SOAP-All-120GM-35%",24,2026-08-22,6,13.5142857142857,16.44,0.195718448170064,0.05,295.92,0,18,16.44,0,0,-3.56925170068027,-0.277315010570825
"235","D77","Bar Soap","RECKITT","Bar Soap","ALL","BAR SOAP-All-120GM-35%",24,2026-08-23,4,13.5142857142857,16.44,0.195718448170064,0.05,295.92,0,18,16.44,0,0,-3.56925170068027,-0.277315010570825
"236","D77","Bar Soap","RECKITT","Bar Soap","ALL","BAR SOAP-All-120GM-35%",24,2026-08-24,6,13.5142857142857,16.44,0.195718448170064,0.05,295.92,0,18,16.44,0,0,-3.56925170068027,-0.277315010570825
"237","D77","Bar Soap","RECKITT","Bar Soap","ALL","BAR SOAP-All-120GM-35%",24,2026-08-25,6,13.5142857142857,16.44,0.195718448170064,0.05,295.92,0,18,16.44,0,0,-3.56925170068027,-0.277315010570825
"238","D77","Bar Soap","RECKITT","Bar Soap","ALL","BAR SOAP-All-120GM-35%",24,2026-08-26,4,13.5142857142857,16.44,0.195718448170064,0.05,295.92,0,18,16.44,0,0,-3.56925170068027,-0.277315010570825
"239","D77","Bar Soap","RECKITT","Bar Soap","ALL","BAR SOAP-All-120GM-35%",24,2026-08-27,6,13.5142857142857,16.44,0.195718448170064,0.05,295.92,0,18,16.44,0,0,-3.56925170068027,-0.277315010570825
"240","D77","Bar Soap","RECKITT","Bar Soap","ALL","BAR SOAP-All-120GM-35%",24,2026-08-28,6,13.5142857142857,16.44,0.195718448170064,0.05,295.92,0,18,16.44,0,0,-3.56925170068027,-0.277315010570825
"241","D77","Bar Soap","RECKITT","Bar Soap","ALL","BAR SOAP-All-120GM-35%",24,2026-08-29,6,13.5142857142857,16.44,0.195718448170064,0.05,295.92,0,18,16.44,0,0,-3.56925170068027,-0.277315010570825
"242","D77","Bar Soap","RECKITT","Bar Soap","ALL","BAR SOAP-All-120GM-35%",24,2026-08-30,6,13.5142857142857,16.44,0.195718448170064,0.05,295.92,0,18,16.44,0,0,-3.56925170068027,-0.277315010570825
"243","D77","Bar Soap","RECKITT","Bar Soap","ALL","BAR SOAP-All-120GM-35%",24,2026-08-31,6,13.5142857142857,16.44,0.195718448170064,0.05,295.92,0,18,16.44,0,0,-3.56925170068027,-0.277315010570825
"244","D77","Bar Soap","RECKITT","Bar Soap","ALL","BAR SOAP-All-120GM-35%",24,2026-09-01,6,13.5142857142857,16.44,0.195718448170064,0.05,295.92,0,18,16.44,0,0,-3.56925170068027,-0.277315010570825
"245","D77","Bar Soap","RECKITT","Bar Soap","ALL","BAR SOAP-All-120GM-35%",25,2026-09-02,4,13.5142857142857,16.44,0.195718448170064,0.05,295.92,0,18,16.44,0,0,-3.56925170068027,-0.277315010570825
"246","D77","Bar Soap","RECKITT","Bar Soap","ALL","BAR SOAP-All-120GM-35%",25,2026-09-03,6,13.5142857142857,16.44,0.195718448170064,0.05,295.92,0,18,16.44,0,0,-3.56925170068027,-0.277315010570825
"247","D77","Bar Soap","RECKITT","Bar Soap","ALL","BAR SOAP-All-120GM-35%",25,2026-09-04,4,13.5142857142857,16.44,0.195718448170064,0.05,295.92,0,18,16.44,0,0,-3.56925170068027,-0.277315010570825
"248","D77","Bar Soap","RECKITT","Bar Soap","ALL","BAR SOAP-All-120GM-35%",25,2026-09-05,6,13.5142857142857,16.44,0.195718448170064,0.05,295.92,0,18,16.44,0,0,-3.56925170068027,-0.277315010570825
"249","D77","Bar Soap","RECKITT","Bar Soap","ALL","BAR SOAP-All-120GM-35%",25,2026-09-06,6,13.5142857142857,16.44,0.195718448170064,0.05,295.92,0,18,16.44,0,0,-3.56925170068027,-0.277315010570825
"250","D77","Bar Soap","RECKITT","Bar Soap","ALL","BAR SOAP-All-120GM-35%",25,2026-09-07,6,13.5142857142857,16.44,0.195718448170064,0.05,295.92,0,18,16.44,0,0,-3.56925170068027,-0.277315010570825
"251","D77","Bar Soap","RECKITT","Bar Soap","ALL","BAR SOAP-All-120GM-35%",25,2026-09-08,4,13.5142857142857,16.44,0.195718448170064,0.05,295.92,0,18,16.44,0,0,-3.56925170068027,-0.277315010570825
"252","D77","Bar Soap","RECKITT","Bar Soap","ALL","BAR SOAP-All-120GM-35%",25,2026-09-09,4,13.5142857142857,16.44,0.195718448170064,0.05,295.92,0,18,16.44,0,0,-3.56925170068027,-0.277315010570825
"253","D77","Bar Soap","RECKITT","Bar Soap","ALL","BAR SOAP-All-120GM-35%",25,2026-09-10,6,13.5142857142857,16.44,0.195718448170064,0.05,295.92,0,18,16.44,0,0,-3.56925170068027,-0.277315010570825
"254","D77","Bar Soap","RECKITT","Bar Soap","ALL","BAR SOAP-All-120GM-35%",25,2026-09-11,4,13.5142857142857,16.44,0.195718448170064,0.05,295.92,0,18,16.44,0,0,-3.56925170068027,-0.277315010570825
"255","D77","Bar Soap","RECKITT","Bar Soap","ALL","BAR SOAP-All-120GM-35%",26,2026-09-12,2,13.5142857142857,16.44,0.195718448170064,0.05,295.92,0,18,16.44,0,0,-3.56925170068027,-0.277315010570825
"256","D77","Bar Soap","RECKITT","Bar Soap","ALL","BAR SOAP-All-120GM-35%",26,2026-09-13,4,13.5142857142857,16.44,0.195718448170064,0.05,295.92,0,18,16.44,0,0,-3.56925170068027,-0.277315010570825
"257","D77","Bar Soap","RECKITT","Bar Soap","ALL","BAR SOAP-All-120GM-35%",26,2026-09-14,4,13.5142857142857,16.44,0.195718448170064,0.05,295.92,0,18,16.44,0,0,-3.56925170068027,-0.277315010570825
"258","D77","Bar Soap","RECKITT","Bar Soap","ALL","BAR SOAP-All-120GM-35%",26,2026-09-15,1,13.5142857142857,16.44,0.195718448170064,0.05,295.92,0,18,16.44,0,0,-3.56925170068027,-0.277315010570825
"259","D77","Bar Soap","RECKITT","Bar Soap","ALL","BAR SOAP-All-120GM-35%",26,2026-09-16,1,13.5142857142857,16.44,0.195718448170064,0.05,295.92,0,18,16.44,0,0,-3.56925170068027,-0.277315010570825
"260","D77","Bar Soap","RECKITT","Bar Soap","ALL","BAR SOAP-All-120GM-35%",26,2026-09-17,1,13.5142857142857,16.44,0.195718448170064,0.05,295.92,0,18,16.44,0,0,-3.56925170068027,-0.277315010570825
"261","D77","Bar Soap","RECKITT","Bar Soap","ALL","BAR SOAP-All-120GM-35%",26,2026-09-18,1,13.5142857142857,16.44,0.195718448170064,0.05,295.92,0,18,16.44,0,0,-3.56925170068027,-0.277315010570825
"262","D77","Bar Soap","RECKITT","Bar Soap","ALL","BAR SOAP-All-120GM-35%",26,2026-09-19,4,13.5142857142857,16.44,0.195718448170064,0.05,295.92,0,18,16.44,0,0,-3.56925170068027,-0.277315010570825
"263","D77","Bar Soap","RECKITT","Bar Soap","ALL","BAR SOAP-All-120GM-35%",26,2026-09-20,4,13.5142857142857,16.44,0.195718448170064,0.05,295.92,0,18,16.44,0,0,-3.56925170068027,-0.277315010570825
"264","D77","Bar Soap","RECKITT","Bar Soap","ALL","BAR SOAP-All-120GM-35%",26,2026-09-21,6,13.5142857142857,16.44,0.195718448170064,0.05,295.92,0,18,16.44,0,0,-3.56925170068027,-0.277315010570825
"265","D77","Bar Soap","RECKITT","Bar Soap","ALL","BAR SOAP-All-120GM-35%",26,2026-09-22,2,13.5142857142857,16.44,0.195718448170064,0.05,295.92,0,18,16.44,0,0,-3.56925170068027,-0.277315010570825
"266","D77","Bar Soap","RECKITT","Bar Soap","ALL","BAR SOAP-All-120GM-35%",27,2026-09-23,3,13.5142857142857,16.44,0.195718448170064,0.05,295.92,0,18,16.44,0,0,-3.56925170068027,-0.277315010570825
"267","D77","Bar Soap","RECKITT","Bar Soap","ALL","BAR SOAP-All-120GM-35%",27,2026-09-24,4,13.5142857142857,16.44,0.195718448170064,0.05,295.92,0,18,16.44,0,0,-3.56925170068027,-0.277315010570825
"268","D77","Bar Soap","RECKITT","Bar Soap","ALL","BAR SOAP-All-120GM-35%",27,2026-09-25,4,13.5142857142857,16.44,0.195718448170064,0.05,295.92,0,18,16.44,0,0,-3.56925170068027,-0.277315010570825
"269","D77","Bar Soap","RECKITT","Bar Soap","ALL","BAR SOAP-All-120GM-35%",27,2026-09-26,4,13.5142857142857,16.44,0.195718448170064,0.05,295.92,0,18,16.44,0,0,-3.56925170068027,-0.277315010570825
"270","D77","Bar Soap","RECKITT","Bar Soap","ALL","BAR SOAP-All-120GM-35%",27,2026-09-27,4,13.5142857142857,16.44,0.195718448170064,0.05,295.92,0,18,16.44,0,0,-3.56925170068027,-0.277315010570825
"271","D77","Bar Soap","RECKITT","Bar Soap","ALL","BAR SOAP-All-120GM-35%",27,2026-09-28,4,13.5142857142857,16.44,0.195718448170064,0.05,295.92,0,18,16.44,0,0,-3.56925170068027,-0.277315010570825
"272","D77","Bar Soap","RECKITT","Bar Soap","ALL","BAR SOAP-All-120GM-35%",27,2026-09-29,4,13.5142857142857,16.44,0.195718448170064,0.05,295.92,0,18,16.44,0,0,-3.56925170068027,-0.277315010570825
"273","D77","Bar Soap","RECKITT","Bar Soap","ALL","BAR SOAP-All-120GM-35%",27,2026-09-30,4,13.5142857142857,16.44,0.195718448170064,0.05,295.92,0,18,16.44,0,0,-3.56925170068027,-0.277315010570825
"274","D77","Bar Soap","RECKITT","Bar Soap","ALL","BAR SOAP-All-120GM-35%",27,2026-10-01,4,13.5142857142857,16.44,0.195718448170064,0.05,295.92,0,18,16.44,0,0,-3.56925170068027,-0.277315010570825
"275","D77","Bar Soap","RECKITT","Bar Soap","ALL","BAR SOAP-All-120GM-35%",27,2026-10-02,4,13.5142857142857,16.44,0.195718448170064,0.05,295.92,0,18,16.44,0,0,-3.56925170068027,-0.277315010570825
"276","D77","Bar Soap","RECKITT","Bar Soap","ALL","BAR SOAP-All-120GM-35%",28,2026-10-03,4,13.5142857142857,16.44,0.195718448170064,0.05,295.92,0,18,16.44,0,0,-3.56925170068027,-0.277315010570825
"277","D77","Bar Soap","RECKITT","Bar Soap","ALL","BAR SOAP-All-120GM-35%",28,2026-10-04,4,13.5142857142857,16.44,0.195718448170064,0.05,295.92,0,18,16.44,0,0,-3.56925170068027,-0.277315010570825
"278","D77","Bar Soap","RECKITT","Bar Soap","ALL","BAR SOAP-All-120GM-35%",28,2026-10-05,4,13.5142857142857,16.44,0.195718448170064,0.05,295.92,0,18,16.44,0,0,-3.56925170068027,-0.277315010570825
"279","D77","Bar Soap","RECKITT","Bar Soap","ALL","BAR SOAP-All-120GM-35%",28,2026-10-06,4,13.5142857142857,16.44,0.195718448170064,0.05,295.92,0,18,16.44,0,0,-3.56925170068027,-0.277315010570825
"280","D77","Bar Soap","RECKITT","Bar Soap","ALL","BAR SOAP-All-120GM-35%",28,2026-10-07,3,13.5142857142857,16.44,0.195718448170064,0.05,295.92,0,18,16.44,0,0,-3.56925170068027,-0.277315010570825
"281","D77","Bar Soap","RECKITT","Bar Soap","ALL","BAR SOAP-All-120GM-35%",28,2026-10-08,4,13.5142857142857,16.44,0.195718448170064,0.05,295.92,0,18,16.44,0,0,-3.56925170068027,-0.277315010570825
"282","D77","Bar Soap","RECKITT","Bar Soap","ALL","BAR SOAP-All-120GM-35%",28,2026-10-09,4,13.5142857142857,16.44,0.195718448170064,0.05,295.92,0,18,16.44,0,0,-3.56925170068027,-0.277315010570825
"283","D77","Bar Soap","RECKITT","Bar Soap","ALL","BAR SOAP-All-120GM-35%",28,2026-10-10,4,13.5142857142857,16.44,0.195718448170064,0.05,295.92,0,18,16.44,0,0,-3.56925170068027,-0.277315010570825
"284","D77","Bar Soap","RECKITT","Bar Soap","ALL","BAR SOAP-All-120GM-35%",28,2026-10-11,4,13.5142857142857,16.44,0.195718448170064,0.05,295.92,0,18,16.44,0,0,-3.56925170068027,-0.277315010570825
"285","D77","Bar Soap","RECKITT","Bar Soap","ALL","BAR SOAP-All-120GM-35%",28,2026-10-12,4,13.5142857142857,16.44,0.195718448170064,0.05,295.92,0,18,16.44,0,0,-3.56925170068027,-0.277315010570825
"286","D77","Bar Soap","RECKITT","Bar Soap","ALL","BAR SOAP-All-120GM-35%",28,2026-10-13,4,13.5142857142857,16.44,0.195718448170064,0.05,295.92,0,18,16.44,0,0,-3.56925170068027,-0.277315010570825
"287","D77","Bar Soap","RECKITT","Bar Soap","ALL","BAR SOAP-All-120GM-35%",29,2026-10-14,4,13.5142857142857,16.44,0.195718448170064,0.05,295.92,0,18,16.44,0,0,-3.56925170068027,-0.277315010570825
"288","D77","Bar Soap","RECKITT","Bar Soap","ALL","BAR SOAP-All-120GM-35%",29,2026-10-15,4,13.5142857142857,16.44,0.195718448170064,0.05,295.92,0,18,16.44,0,0,-3.56925170068027,-0.277315010570825
"289","D77","Bar Soap","RECKITT","Bar Soap","ALL","BAR SOAP-All-120GM-35%",29,2026-10-16,4,13.5142857142857,16.44,0.195718448170064,0.05,295.92,0,18,16.44,0,0,-3.56925170068027,-0.277315010570825
"290","D77","Bar Soap","RECKITT","Bar Soap","ALL","BAR SOAP-All-120GM-35%",29,2026-10-17,4,13.5142857142857,16.44,0.195718448170064,0.05,295.92,0,18,16.44,0,0,-3.56925170068027,-0.277315010570825
"291","D77","Bar Soap","RECKITT","Bar Soap","ALL","BAR SOAP-All-120GM-35%",29,2026-10-18,4,13.5142857142857,16.44,0.195718448170064,0.05,295.92,0,18,16.44,0,0,-3.56925170068027,-0.277315010570825
"292","D77","Bar Soap","RECKITT","Bar Soap","ALL","BAR SOAP-All-120GM-35%",29,2026-10-19,4,13.5142857142857,16.44,0.195718448170064,0.05,295.92,0,18,16.44,0,0,-3.56925170068027,-0.277315010570825
"293","D77","Bar Soap","RECKITT","Bar Soap","ALL","BAR SOAP-All-120GM-35%",29,2026-10-20,4,13.5142857142857,16.44,0.195718448170064,0.05,295.92,0,18,16.44,0,0,-3.56925170068027,-0.277315010570825
"294","D77","Bar Soap","RECKITT","Bar Soap","ALL","BAR SOAP-All-120GM-35%",29,2026-10-21,4,13.5142857142857,16.44,0.195718448170064,0.05,295.92,0,18,16.44,0,0,-3.56925170068027,-0.277315010570825
"295","D77","Bar Soap","RECKITT","Bar Soap","ALL","BAR SOAP-All-120GM-35%",29,2026-10-22,4,13.5142857142857,16.44,0.195718448170064,0.05,295.92,0,18,16.44,0,0,-3.56925170068027,-0.277315010570825
"296","D77","Bar Soap","RECKITT","Bar Soap","ALL","BAR SOAP-All-120GM-35%",29,2026-10-23,4,13.5142857142857,16.44,0.195718448170064,0.05,295.92,0,18,16.44,0,0,-3.56925170068027,-0.277315010570825
"297","D77","Bar Soap","RECKITT","Bar Soap","ALL","BAR SOAP-All-120GM-35%",30,2026-10-24,4,13.5142857142857,16.44,0.195718448170064,0.05,295.92,0,18,16.44,0,0,-3.56925170068027,-0.277315010570825
"298","D77","Bar Soap","RECKITT","Bar Soap","ALL","BAR SOAP-All-120GM-35%",30,2026-10-25,3,13.5142857142857,16.44,0.195718448170064,0.05,295.92,0,18,16.44,0,0,-3.56925170068027,-0.277315010570825
"299","D77","Bar Soap","RECKITT","Bar Soap","ALL","BAR SOAP-All-120GM-35%",30,2026-10-26,4,13.5142857142857,16.44,0.195718448170064,0.05,295.92,0,18,16.44,0,0,-3.56925170068027,-0.277315010570825
"300","D77","Bar Soap","RECKITT","Bar Soap","ALL","BAR SOAP-All-120GM-35%",30,2026-10-27,3,13.5142857142857,16.44,0.195718448170064,0.05,295.92,0,18,16.44,0,0,-3.56925170068027,-0.277315010570825
"301","D77","Bar Soap","RECKITT","Bar Soap","ALL","BAR SOAP-All-120GM-35%",30,2026-10-28,3,13.5142857142857,16.44,0.195718448170064,0.05,295.92,0,18,16.44,0,0,-3.56925170068027,-0.277315010570825
"302","D77","Bar Soap","RECKITT","Bar Soap","ALL","BAR SOAP-All-120GM-35%",30,2026-10-29,4,13.5142857142857,16.44,0.195718448170064,0.05,295.92,0,18,16.44,0,0,-3.56925170068027,-0.277315010570825
"303","D77","Bar Soap","RECKITT","Bar Soap","ALL","BAR SOAP-All-120GM-35%",30,2026-10-30,4,13.5142857142857,16.44,0.195718448170064,0.05,295.92,0,18,16.44,0,0,-3.56925170068027,-0.277315010570825
"304","D77","Bar Soap","RECKITT","Bar Soap","ALL","BAR SOAP-All-120GM-35%",30,2026-10-31,3,13.5142857142857,16.44,0.195718448170064,0.05,295.92,0,18,16.44,0,0,-3.56925170068027,-0.277315010570825
"305","D77","Bar Soap","RECKITT","Bar Soap","ALL","BAR SOAP-All-120GM-35%",30,2026-11-01,3,13.5142857142857,16.44,0.195718448170064,0.05,295.92,0,18,16.44,0,0,-3.56925170068027,-0.277315010570825
"306","D77","Bar Soap","RECKITT","Bar Soap","ALL","BAR SOAP-All-120GM-35%",30,2026-11-02,4,13.5142857142857,16.44,0.195718448170064,0.05,295.92,0,18,16.44,0,0,-3.56925170068027,-0.277315010570825
"307","D77","Bar Soap","RECKITT","Bar Soap","ALL","BAR SOAP-All-120GM-35%",30,2026-11-03,1,13.5142857142857,16.44,0.195718448170064,0.05,295.92,0,18,16.44,0,0,-3.56925170068027,-0.277315010570825
"308","D77","Bar Soap","RECKITT","Bar Soap","ALL","BAR SOAP-All-120GM-35%",31,2026-11-04,1,13.5142857142857,16.44,0.195718448170064,0.05,295.92,0,18,16.44,0,0,-3.56925170068027,-0.277315010570825
"309","D77","Bar Soap","RECKITT","Bar Soap","ALL","BAR SOAP-All-120GM-35%",31,2026-11-05,1,13.5142857142857,16.44,0.195718448170064,0.05,295.92,0,18,16.44,0,0,-3.56925170068027,-0.277315010570825
"310","D77","Bar Soap","RECKITT","Bar Soap","ALL","BAR SOAP-All-120GM-35%",31,2026-11-06,1,13.5142857142857,16.44,0.195718448170064,0.05,295.92,0,18,16.44,0,0,-3.56925170068027,-0.277315010570825
"311","D77","Bar Soap","RECKITT","Bar Soap","ALL","BAR SOAP-All-120GM-35%",31,2026-11-07,1,13.5142857142857,16.44,0.195718448170064,0.05,295.92,0,18,16.44,0,0,-3.56925170068027,-0.277315010570825
"312","D77","Bar Soap","RECKITT","Bar Soap","ALL","BAR SOAP-All-120GM-35%",31,2026-11-08,2,13.5142857142857,16.44,0.195718448170064,0.05,295.92,0,18,16.44,0,0,-3.56925170068027,-0.277315010570825
"313","D77","Bar Soap","RECKITT","Bar Soap","ALL","BAR SOAP-All-120GM-35%",31,2026-11-09,2,13.5142857142857,16.44,0.195718448170064,0.05,295.92,0,18,16.44,0,0,-3.56925170068027,-0.277315010570825
"314","D77","Bar Soap","RECKITT","Bar Soap","ALL","BAR SOAP-All-120GM-35%",31,2026-11-10,2,13.5142857142857,16.44,0.195718448170064,0.05,295.92,0,18,16.44,0,0,-3.56925170068027,-0.277315010570825
"315","D77","Bar Soap","RECKITT","Bar Soap","ALL","BAR SOAP-All-120GM-35%",31,2026-11-11,2,13.5142857142857,16.44,0.195718448170064,0.05,295.92,0,18,16.44,0,0,-3.56925170068027,-0.277315010570825
"316","D77","Bar Soap","RECKITT","Bar Soap","ALL","BAR SOAP-All-120GM-35%",31,2026-11-12,3,13.5142857142857,16.44,0.195718448170064,0.05,295.92,0,18,16.44,0,0,-3.56925170068027,-0.277315010570825
"317","D77","Bar Soap","RECKITT","Bar Soap","ALL","BAR SOAP-All-120GM-35%",31,2026-11-13,3,13.5142857142857,16.44,0.195718448170064,0.05,295.92,0,18,16.44,0,0,-3.56925170068027,-0.277315010570825
"318","D77","Bar Soap","RECKITT","Bar Soap","ALL","BAR SOAP-All-120GM-35%",32,2026-11-14,6,13.5142857142857,16.44,0.195718448170064,0.05,295.92,0,18,16.44,0,0,-3.56925170068027,-0.277315010570825
"319","D77","Bar Soap","RECKITT","Bar Soap","ALL","BAR SOAP-All-120GM-35%",32,2026-11-15,6,13.5142857142857,16.44,0.195718448170064,0.05,295.92,0,18,16.44,0,0,-3.56925170068027,-0.277315010570825
"320","D77","Bar Soap","RECKITT","Bar Soap","ALL","BAR SOAP-All-120GM-35%",32,2026-11-16,6,13.5142857142857,16.44,0.195718448170064,0.05,295.92,0,18,16.44,0,0,-3.56925170068027,-0.277315010570825
"321","D77","Bar Soap","RECKITT","Bar Soap","ALL","BAR SOAP-All-120GM-35%",32,2026-11-17,6,13.5142857142857,16.44,0.195718448170064,0.05,295.92,0,18,16.44,0,0,-3.56925170068027,-0.277315010570825
"322","D77","Bar Soap","RECKITT","Bar Soap","ALL","BAR SOAP-All-120GM-35%",32,2026-11-18,4,13.5142857142857,16.44,0.195718448170064,0.05,295.92,0,18,16.44,0,0,-3.56925170068027,-0.277315010570825
"323","D77","Bar Soap","RECKITT","Bar Soap","ALL","BAR SOAP-All-120GM-35%",32,2026-11-19,6,13.5142857142857,16.44,0.195718448170064,0.05,295.92,0,18,16.44,0,0,-3.56925170068027,-0.277315010570825
"324","D77","Bar Soap","RECKITT","Bar Soap","ALL","BAR SOAP-All-120GM-35%",32,2026-11-20,6,13.5142857142857,16.44,0.195718448170064,0.05,295.92,0,18,16.44,0,0,-3.56925170068027,-0.277315010570825
"325","D77","Bar Soap","RECKITT","Bar Soap","ALL","BAR SOAP-All-120GM-35%",32,2026-11-21,6,13.5142857142857,16.44,0.195718448170064,0.05,295.92,0,18,16.44,0,0,-3.56925170068027,-0.277315010570825
"326","D77","Bar Soap","RECKITT","Bar Soap","ALL","BAR SOAP-All-120GM-35%",32,2026-11-22,6,13.5142857142857,16.44,0.195718448170064,0.05,295.92,0,18,16.44,0,0,-3.56925170068027,-0.277315010570825
"327","D77","Bar Soap","RECKITT","Bar Soap","ALL","BAR SOAP-All-120GM-35%",32,2026-11-23,6,13.5142857142857,16.44,0.195718448170064,0.05,295.92,0,18,16.44,0,0,-3.56925170068027,-0.277315010570825
"328","D77","Bar Soap","RECKITT","Bar Soap","ALL","BAR SOAP-All-120GM-35%",32,2026-11-24,4,13.5142857142857,16.44,0.195718448170064,0.05,295.92,0,18,16.44,0,0,-3.56925170068027,-0.277315010570825
"329","D77","Bar Soap","RECKITT","Bar Soap","ALL","BAR SOAP-All-120GM-35%",33,2026-11-25,3,13.5142857142857,16.44,0.195718448170064,0.05,295.92,0,18,16.44,0,0,-3.56925170068027,-0.277315010570825
"330","D77","Bar Soap","RECKITT","Bar Soap","ALL","BAR SOAP-All-120GM-35%",33,2026-11-26,4,13.5142857142857,16.44,0.195718448170064,0.05,295.92,0,18,16.44,0,0,-3.56925170068027,-0.277315010570825
"331","D77","Bar Soap","RECKITT","Bar Soap","ALL","BAR SOAP-All-120GM-35%",33,2026-11-27,5,13.5142857142857,16.44,0.195718448170064,0.05,295.92,0,18,16.44,0,0,-3.56925170068027,-0.277315010570825
"332","D77","Bar Soap","RECKITT","Bar Soap","ALL","BAR SOAP-All-120GM-35%",33,2026-11-28,2,13.5142857142857,16.44,0.195718448170064,0.05,295.92,0,18,16.44,0,0,-3.56925170068027,-0.277315010570825
"333","D77","Bar Soap","RECKITT","Bar Soap","ALL","BAR SOAP-All-120GM-35%",33,2026-11-29,4,13.5142857142857,16.44,0.195718448170064,0.05,295.92,0,18,16.44,0,0,-3.56925170068027,-0.277315010570825
"334","D77","Bar Soap","RECKITT","Bar Soap","ALL","BAR SOAP-All-120GM-35%",33,2026-11-30,4,13.5142857142857,16.44,0.195718448170064,0.05,295.92,0,18,16.44,0,0,-3.56925170068027,-0.277315010570825
"335","D77","Bar Soap","RECKITT","Bar Soap","ALL","BAR SOAP-All-120GM-35%",33,2026-12-01,4,13.5142857142857,16.44,0.195718448170064,0.05,295.92,0,18,16.44,0,0,-3.56925170068027,-0.277315010570825
"336","D77","Bar Soap","RECKITT","Bar Soap","ALL","BAR SOAP-All-120GM-35%",33,2026-12-02,4,13.5142857142857,16.44,0.195718448170064,0.05,295.92,0,18,16.44,0,0,-3.56925170068027,-0.277315010570825
"337","D77","Bar Soap","RECKITT","Bar Soap","ALL","BAR SOAP-All-120GM-35%",33,2026-12-03,4,13.5142857142857,16.44,0.195718448170064,0.05,295.92,0,18,16.44,0,0,-3.56925170068027,-0.277315010570825
"338","D77","Bar Soap","RECKITT","Bar Soap","ALL","BAR SOAP-All-120GM-35%",33,2026-12-04,4,13.5142857142857,16.44,0.195718448170064,0.05,295.92,0,18,16.44,0,0,-3.56925170068027,-0.277315010570825
"339","D77","Bar Soap","RECKITT","Bar Soap","ALL","BAR SOAP-All-120GM-35%",34,2026-12-05,4,13.5142857142857,16.44,0.195718448170064,0.05,295.92,0,18,16.44,0,0,-3.56925170068027,-0.277315010570825
"340","D77","Bar Soap","RECKITT","Bar Soap","ALL","BAR SOAP-All-120GM-35%",34,2026-12-06,4,13.5142857142857,16.44,0.195718448170064,0.05,295.92,0,18,16.44,0,0,-3.56925170068027,-0.277315010570825
"341","D77","Bar Soap","RECKITT","Bar Soap","ALL","BAR SOAP-All-120GM-35%",34,2026-12-07,4,13.5142857142857,16.44,0.195718448170064,0.05,295.92,0,18,16.44,0,0,-3.56925170068027,-0.277315010570825
"342","D77","Bar Soap","RECKITT","Bar Soap","ALL","BAR SOAP-All-120GM-35%",34,2026-12-08,4,13.5142857142857,16.44,0.195718448170064,0.05,295.92,0,18,16.44,0,0,-3.56925170068027,-0.277315010570825
"343","D77","Bar Soap","RECKITT","Bar Soap","ALL","BAR SOAP-All-120GM-35%",34,2026-12-09,4,13.5142857142857,16.44,0.195718448170064,0.05,295.92,0,18,16.44,0,0,-3.56925170068027,-0.277315010570825
"344","D77","Bar Soap","RECKITT","Bar Soap","ALL","BAR SOAP-All-120GM-35%",34,2026-12-10,4,13.5142857142857,16.44,0.195718448170064,0.05,295.92,0,18,16.44,0,0,-3.56925170068027,-0.277315010570825
"345","D77","Bar Soap","RECKITT","Bar Soap","ALL","BAR SOAP-All-120GM-35%",34,2026-12-11,4,13.5142857142857,16.44,0.195718448170064,0.05,295.92,0,18,16.44,0,0,-3.56925170068027,-0.277315010570825
"346","D77","Bar Soap","RECKITT","Bar Soap","ALL","BAR SOAP-All-120GM-35%",34,2026-12-12,4,13.5142857142857,16.44,0.195718448170064,0.05,295.92,0,18,16.44,0,0,-3.56925170068027,-0.277315010570825
"347","D77","Bar Soap","RECKITT","Bar Soap","ALL","BAR SOAP-All-120GM-35%",34,2026-12-13,4,13.5142857142857,16.44,0.195718448170064,0.05,295.92,0,18,16.44,0,0,-3.56925170068027,-0.277315010570825
"348","D77","Bar Soap","RECKITT","Bar Soap","ALL","BAR SOAP-All-120GM-35%",34,2026-12-14,4,13.5142857142857,16.44,0.195718448170064,0.05,295.92,0,18,16.44,0,0,-3.56925170068027,-0.277315010570825
"349","D77","Bar Soap","RECKITT","Bar Soap","ALL","BAR SOAP-All-120GM-35%",34,2026-12-15,4,13.5142857142857,16.44,0.195718448170064,0.05,295.92,0,18,16.44,0,0,-3.56925170068027,-0.277315010570825
"350","D77","Bar Soap","RECKITT","Bar Soap","ALL","BAR SOAP-All-120GM-35%",35,2026-12-16,3,13.5142857142857,16.44,0.195718448170064,0.05,295.92,0,18,16.44,0,0,-3.56925170068027,-0.277315010570825
"351","D77","Bar Soap","RECKITT","Bar Soap","ALL","BAR SOAP-All-120GM-35%",35,2026-12-17,2,13.5142857142857,16.44,0.195718448170064,0.05,295.92,0,18,16.44,0,0,-3.56925170068027,-0.277315010570825
"352","D77","Bar Soap","RECKITT","Bar Soap","ALL","BAR SOAP-All-120GM-35%",35,2026-12-18,4,13.5142857142857,16.44,0.195718448170064,0.05,295.92,0,18,16.44,0,0,-3.56925170068027,-0.277315010570825
"353","D77","Bar Soap","RECKITT","Bar Soap","ALL","BAR SOAP-All-120GM-35%",35,2026-12-19,2,13.5142857142857,16.44,0.195718448170064,0.05,295.92,0,18,16.44,0,0,-3.56925170068027,-0.277315010570825
"354","D77","Bar Soap","RECKITT","Bar Soap","ALL","BAR SOAP-All-120GM-35%",35,2026-12-20,4,13.5142857142857,16.44,0.195718448170064,0.05,295.92,0,18,16.44,0,0,-3.56925170068027,-0.277315010570825
"355","D77","Bar Soap","RECKITT","Bar Soap","ALL","BAR SOAP-All-120GM-35%",35,2026-12-21,4,13.5142857142857,16.44,0.195718448170064,0.05,295.92,0,18,16.44,0,0,-3.56925170068027,-0.277315010570825
"356","D77","Bar Soap","RECKITT","Bar Soap","ALL","BAR SOAP-All-120GM-35%",35,2026-12-22,5,13.5142857142857,16.44,0.195718448170064,0.05,295.92,0,18,16.44,0,0,-3.56925170068027,-0.277315010570825
"357","D77","Bar Soap","RECKITT","Bar Soap","ALL","BAR SOAP-All-120GM-35%",35,2026-12-23,6,13.5142857142857,16.44,0.195718448170064,0.05,295.92,0,18,16.44,0,0,-3.56925170068027,-0.277315010570825
"358","D77","Bar Soap","RECKITT","Bar Soap","ALL","BAR SOAP-All-120GM-35%",35,2026-12-24,7,13.5142857142857,16.44,0.195718448170064,0.05,295.92,0,18,16.44,0,0,-3.56925170068027,-0.277315010570825
"359","D77","Bar Soap","RECKITT","Bar Soap","ALL","BAR SOAP-All-120GM-35%",35,2026-12-25,7,13.5142857142857,16.44,0.195718448170064,0.05,295.92,0,18,16.44,0,0,-3.56925170068027,-0.277315010570825
"360","D77","Bar Soap","RECKITT","Bar Soap","ALL","BAR SOAP-All-120GM-35%",36,2026-12-26,6,13.5142857142857,16.44,0.195718448170064,0.05,295.92,0,18,16.44,0,0,-3.56925170068027,-0.277315010570825
"361","D77","Bar Soap","RECKITT","Bar Soap","ALL","BAR SOAP-All-120GM-35%",36,2026-12-27,7,13.5142857142857,16.44,0.195718448170064,0.05,295.92,0,18,16.44,0,0,-3.56925170068027,-0.277315010570825
"362","D77","Bar Soap","RECKITT","Bar Soap","ALL","BAR SOAP-All-120GM-35%",36,2026-12-28,7,13.5142857142857,16.44,0.195718448170064,0.05,295.92,0,18,16.44,0,0,-3.56925170068027,-0.277315010570825
"363","D77","Bar Soap","RECKITT","Bar Soap","ALL","BAR SOAP-All-120GM-35%",36,2026-12-29,7,13.5142857142857,16.44,0.195718448170064,0.05,295.92,0,18,16.44,0,0,-3.56925170068027,-0.277315010570825
"364","D77","Bar Soap","RECKITT","Bar Soap","ALL","BAR SOAP-All-120GM-35%",36,2026-12-30,7,13.5142857142857,16.44,0.195718448170064,0.05,295.92,0,18,16.44,0,0,-3.56925170068027,-0.277315010570825
"365","D77","Bar Soap","RECKITT","Bar Soap","ALL","BAR SOAP-All-120GM-35%",36,2026-12-31,7,13.5142857142857,16.44,0.195718448170064,0.05,295.92,0,18,16.44,0,0,-3.56925170068027,-0.277315010570825
